Player,Season,Height_in,Height_cm,Position,Team,Games,MPG,PPG
A.J. Green,2020-21,76,193.04,SG,MIL,73,22.7,7.4
A.J. Lawson,2020-21,78,198.12,SG,TOR,26,18.7,9.1
AJ Johnson,2020-21,76,193.04,SG,2TM,29,22,7.6
Aaron Gordon,2020-21,80,203.2,PF,DEN,51,28.4,14.7
Aaron Holiday,2020-21,72,182.88,PG,HOU,62,12.8,5.5
Aaron Nesmith,2020-21,77,195.58,SF,IND,45,24.9,12
Aaron Wiggins,2020-21,78,198.12,SG,OKC,76,22.9,12
Adem Bona,2020-21,82,208.28,C,PHI,58,15.6,5.8
Ajay Mitchell,2020-21,77,195.58,SG,OKC,36,16.6,6.5
Al Horford,2020-21,81,205.74,C,BOS,60,27.7,9
Alec Burks,2020-21,78,198.12,SG,MIA,49,17.6,7.3
Alex Caruso,2020-21,77,195.58,SG,OKC,54,19.3,7.1
Alex Sarr,2020-21,84,213.36,C,WAS,67,27.1,13
Alperen ÅengÃ¼n,2020-21,,,C,HOU,76,31.5,19.1
Amen Thompson,2020-21,79,200.66,SF,HOU,69,32.2,14.1
Amir Coffey,2020-21,79,200.66,SG,LAC,72,24.3,9.7
Andre Drummond,2020-21,83,210.82,C,PHI,40,18.8,7.3
Andrew Nembhard,2020-21,77,195.58,SG,IND,65,28.9,10
Andrew Wiggins,2020-21,79,200.66,SF,2TM,60,30.7,18
Anfernee Simons,2020-21,75,190.5,SG,POR,70,32.7,19.3
Anthony Black,2020-21,79,200.66,PG,ORL,78,24.2,9.4
Anthony Davis,2020-21,82,208.28,C,2TM,51,33.5,24.7
Anthony Edwards,2020-21,76,193.04,SG,MIN,79,36.3,27.6
Antonio Reeves,2020-21,77,195.58,SG,NOP,44,15,6.9
Ausar Thompson,2020-21,79,200.66,SF,DET,59,22.5,10.1
Austin Reaves,2020-21,77,195.58,SG,LAL,73,34.9,20.2
Ayo Dosunmu,2020-21,77,195.58,SG,CHI,46,30.3,12.3
Bam Adebayo,2020-21,81,205.74,C,MIA,78,34.3,18.1
Ben Sheppard,2020-21,78,198.12,SG,IND,63,19.5,5.3
Ben Simmons,2020-21,82,208.28,PG,2TM,51,22,5
Bennedict Mathurin,2020-21,78,198.12,SF,IND,72,29.8,16.1
Bilal Coulibaly,2020-21,78,198.12,SF,WAS,59,33,12.3
Bismack Biyombo,2020-21,80,203.2,C,SAS,28,18.9,5.1
Bobby Portis,2020-21,82,208.28,PF,MIL,49,25.4,13.9
Bogdan BogdanoviÄ,2020-21,,,SG,2TM,54,25,10.8
Bol Bol,2020-21,87,220.98,PF,PHO,36,12.4,6.8
Bones Hyland,2020-21,74,187.96,PG,2TM,24,10,6.2
Bradley Beal,2020-21,76,193.04,SG,PHO,53,32.1,17
Brandin Podziemski,2020-21,77,195.58,SG,GSW,64,26.8,11.7
Brandon Boston Jr.,2020-21,79,200.66,SG,NOP,42,23.6,10.7
Brandon Clarke,2020-21,80,203.2,PF,MEM,64,18.9,8.3
Brandon Miller,2020-21,81,205.74,SF,CHO,27,34.2,21
Brandon Williams,2020-21,78,198.12,PG,DAL,33,14.8,8.3
Brandon Williams,2020-21,73,185.42,PG,DAL,33,14.8,8.3
Brice Sensabaugh,2020-21,78,198.12,SF,UTA,71,20.2,10.9
Brook Lopez,2020-21,85,215.9,C,MIL,80,31.8,13
Bruce Brown,2020-21,76,193.04,PG,2TM,41,22.5,8.3
Bub Carrington,2020-21,76,193.04,PG,WAS,82,30,9.8
Buddy Hield,2020-21,76,193.04,SG,GSW,82,22.7,11.1
CJ McCollum,2020-21,75,190.5,PG,NOP,56,32.7,21.1
Cade Cunningham,2020-21,78,198.12,PG,DET,70,35,26.1
Caleb Martin,2020-21,77,195.58,SF,2TM,45,27.1,7.9
Cam Thomas,2020-21,76,193.04,SG,BRK,25,31.2,24
Cam Whitmore,2020-21,79,200.66,SF,HOU,51,16.2,9.4
Cameron Johnson,2020-21,80,203.2,PF,BRK,57,31.6,18.8
Cameron Payne,2020-21,75,190.5,PG,NYK,72,15.1,6.9
Caris LeVert,2020-21,78,198.12,SG,2TM,64,24.9,12.1
Cason Wallace,2020-21,76,193.04,SG,OKC,68,27.6,8.4
Chet Holmgren,2020-21,85,215.9,C,OKC,32,27.4,15
Chris Boucher,2020-21,81,205.74,PF,TOR,50,17.2,10
Chris Paul,2020-21,72,182.88,PG,SAS,82,28,8.8
Christian Braun,2020-21,78,198.12,SG,DEN,79,33.9,15.4
Clint Capela,2020-21,82,208.28,C,ATL,55,21.4,8.9
Coby White,2020-21,77,195.58,SG,CHI,74,33.1,20.4
Cody Martin,2020-21,77,195.58,SF,2TM,53,22.1,6.8
Cole Anthony,2020-21,74,187.96,PG,ORL,67,18.4,9.4
Colin Castleton,2020-21,83,210.82,C,3TM,26,16.6,4.7
Collin Gillespie,2020-21,73,185.42,PG,PHO,33,14,5.9
Collin Sexton,2020-21,75,190.5,SG,UTA,63,27.9,18.4
Corey Kispert,2020-21,79,200.66,SF,WAS,61,26.3,11.6
D'Angelo Russell,2020-21,75,190.5,PG,2TM,58,25.5,12.6
DaQuan Jeffries,2020-21,77,195.58,SG,CHO,47,22.8,6.7
Dalano Banton,2020-21,81,205.74,PG,POR,67,16.7,8.3
Dalton Knecht,2020-21,78,198.12,SF,LAL,78,19.2,9.1
Damian Lillard,2020-21,74,187.96,PG,MIL,58,36.1,24.9
Daniel Gafford,2020-21,82,208.28,C,DAL,57,21.5,12.3
DantÃ© Exum,2020-21,,,PG,DAL,20,18.6,8.7
Dariq Whitehead,2020-21,79,200.66,SF,BRK,20,12.3,5.7
Darius Garland,2020-21,73,185.42,PG,CLE,75,30.7,20.6
Davion Mitchell,2020-21,74,187.96,PG,2TM,74,27.4,7.9
Day'Ron Sharpe,2020-21,83,210.82,C,BRK,50,18.2,7.9
De'Aaron Fox,2020-21,75,190.5,PG,2TM,62,36.1,23.5
De'Andre Hunter,2020-21,80,203.2,SF,2TM,64,27.2,17
DeMar DeRozan,2020-21,78,198.12,SF,SAC,77,35.9,22.2
Dean Wade,2020-21,81,205.74,PF,CLE,59,21.2,5.4
Deandre Ayton,2020-21,84,213.36,C,POR,40,30.2,14.4
Dejounte Murray,2020-21,77,195.58,PG,NOP,31,32.6,17.5
Deni Avdija,2020-21,81,205.74,SF,POR,72,30,16.9
Dennis SchrÃ¶der,2020-21,,,PG,3TM,75,28.1,13.1
Dereck Lively II,2020-21,85,215.9,C,DAL,36,23.1,8.7
Derrick Jones Jr.,2020-21,77,195.58,SF,LAC,77,24.3,10.1
Derrick White,2020-21,76,193.04,SG,BOS,76,33.9,16.4
Desmond Bane,2020-21,77,195.58,SG,MEM,69,32,19.2
Devin Booker,2020-21,78,198.12,SG,PHO,75,37.3,25.6
Devin Vassell,2020-21,77,195.58,SG,SAS,64,31,16.3
Dillon Brooks,2020-21,78,198.12,SF,HOU,75,31.8,14
Domantas Sabonis,2020-21,82,208.28,C,SAC,70,34.7,19.1
Donovan Clingan,2020-21,86,218.44,C,POR,67,19.8,6.5
Donovan Mitchell,2020-21,75,190.5,SG,CLE,71,31.4,24
Donte DiVincenzo,2020-21,76,193.04,SG,MIN,62,25.9,11.7
Dorian Finney-Smith,2020-21,79,200.66,PF,2TM,63,28.9,8.7
Draymond Green,2020-21,78,198.12,PF,GSW,68,29.2,9
Duncan Robinson,2020-21,79,200.66,SF,MIA,74,24.1,11
Dyson Daniels,2020-21,80,203.2,SG,ATL,76,33.8,14.1
Eric Gordon,2020-21,75,190.5,SG,PHI,39,19.7,6.8
Evan Mobley,2020-21,83,210.82,PF,CLE,71,30.5,18.5
Franz Wagner,2020-21,82,208.28,SF,ORL,60,33.7,24.2
Fred VanVleet,2020-21,72,182.88,PG,HOU,60,35.2,14.1
GG Jackson II,2020-21,81,205.74,PF,MEM,29,15.8,7.2
Gabe Vincent,2020-21,75,190.5,PG,LAL,72,21.2,6.4
Garrison Mathews,2020-21,77,195.58,SG,ATL,47,17.7,7.5
Gary Payton II,2020-21,74,187.96,SG,GSW,62,15,6.5
Gary Trent Jr.,2020-21,77,195.58,SG,MIL,74,25.6,11.1
Georges Niang,2020-21,79,200.66,PF,2TM,79,21.5,9.9
Giannis Antetokounmpo,2020-21,83,210.82,PF,MIL,67,34.2,30.4
Goga Bitadze,2020-21,83,210.82,C,ORL,70,20.4,7.2
Gradey Dick,2020-21,78,198.12,SG,TOR,54,29.4,14.4
Grayson Allen,2020-21,76,193.04,SG,PHO,64,24.1,10.6
Guerschon Yabusele,2020-21,80,203.2,C,PHI,70,27.1,11
Harrison Barnes,2020-21,80,203.2,PF,SAS,82,27.2,12.3
Haywood Highsmith,2020-21,79,200.66,SF,MIA,74,24.6,6.5
Herbert Jones,2020-21,80,203.2,SF,NOP,20,32.4,10.3
Immanuel Quickley,2020-21,75,190.5,PG,TOR,33,27.8,17.1
Isaac Okoro,2020-21,77,195.58,SG,CLE,55,19.1,6.1
Isaiah Collier,2020-21,75,190.5,PG,UTA,71,25.9,8.7
Isaiah Hartenstein,2020-21,84,213.36,C,OKC,57,27.9,11.2
Isaiah Joe,2020-21,77,195.58,SG,OKC,74,21.7,10.2
Isaiah Stewart,2020-21,80,203.2,C,DET,72,19.9,6
Isaiah Wong,2020-21,76,193.04,SG,CHO,20,13.3,6
Ivica Zubac,2020-21,84,213.36,C,LAC,80,32.8,16.8
Ja Morant,2020-21,74,187.96,PG,MEM,50,30.4,23.2
Ja'Kobe Walter,2020-21,77,195.58,SG,TOR,52,21.2,8.6
Jabari Smith Jr.,2020-21,83,210.82,PF,HOU,57,30.1,12.2
Jabari Walker,2020-21,81,205.74,PF,POR,60,12.5,5.2
Jaden Hardy,2020-21,76,193.04,SG,DAL,57,15.9,8.7
Jaden Ivey,2020-21,76,193.04,SG,DET,30,29.9,17.6
Jaden McDaniels,2020-21,81,205.74,PF,MIN,82,31.9,12.2
Jaime Jaquez Jr.,2020-21,78,198.12,SF,MIA,66,20.7,8.6
Jake LaRavia,2020-21,80,203.2,PF,2TM,66,20.4,6.9
Jakob Poeltl,2020-21,84,213.36,C,TOR,57,29.6,14.5
Jalen Brunson,2020-21,74,187.96,PG,NYK,65,35.4,26
Jalen Duren,2020-21,82,208.28,C,DET,78,26.1,11.8
Jalen Green,2020-21,76,193.04,SG,HOU,82,32.9,21
Jalen Johnson,2020-21,81,205.74,SF,ATL,36,35.7,18.9
Jalen Smith,2020-21,82,208.28,C,CHI,64,15,8.2
Jalen Suggs,2020-21,77,195.58,PG,ORL,35,28.6,16.2
Jalen Williams,2020-21,78,198.12,SG,OKC,69,32.4,21.6
Jalen Wilson,2020-21,80,203.2,PF,BRK,79,25.7,9.5
Jamal Cain,2020-21,79,200.66,SF,NOP,37,13.6,5.3
Jamal Murray,2020-21,76,193.04,PG,DEN,67,36.1,21.4
Jamal Shead,2020-21,72,182.88,PG,TOR,75,19.6,7.1
James Harden,2020-21,77,195.58,PG,LAC,79,35.3,22.8
Jamison Battle,2020-21,79,200.66,SF,TOR,59,17.7,7.1
Jarace Walker,2020-21,80,203.2,PF,IND,75,15.8,6.1
Jared Butler,2020-21,75,190.5,SG,2TM,60,17.4,9
Jared McCain,2020-21,74,187.96,SG,PHI,23,25.7,15.3
Jaren Jackson Jr.,2020-21,82,208.28,C,MEM,74,29.8,22.2
Jarrett Allen,2020-21,83,210.82,C,CLE,82,28,13.5
Javonte Green,2020-21,76,193.04,SG,2TM,68,18.5,5.1
Jaxson Hayes,2020-21,84,213.36,C,LAL,56,19.5,6.8
Jay Huff,2020-21,85,215.9,C,MEM,64,11.7,6.9
Jaylen Brown,2020-21,78,198.12,SF,BOS,63,34.3,22.2
Jaylen Wells,2020-21,79,200.66,SG,MEM,79,25.9,10.4
Jaylin Williams,2020-21,80,203.2,PF,OKC,47,16.7,5.9
Jayson Tatum,2020-21,80,203.2,PF,BOS,72,36.4,26.8
Jeff Dowtin Jr.,2020-21,,,PG,PHI,41,15.1,7
Jeff Green,2020-21,80,203.2,PF,HOU,32,12.4,5.4
Jerami Grant,2020-21,79,200.66,PF,POR,47,32.4,14.4
Jeremiah Robinson-Earl,2020-21,81,205.74,PF,NOP,66,18.8,6.3
Jeremy Sochan,2020-21,80,203.2,PF,SAS,54,25.3,11.4
Jimmy Butler,2020-21,79,200.66,SF,2TM,55,31.7,17.5
Jock Landale,2020-21,83,210.82,C,HOU,42,11.9,4.8
John Collins,2020-21,81,205.74,PF,UTA,40,30.5,19
Johnny Juzang,2020-21,79,200.66,SG,UTA,64,19.8,8.9
Jonas ValanÄiÅ«nas,2020-21,,,C,2TM,81,18.8,10.4
Jonathan Isaac,2020-21,82,208.28,PF,ORL,71,15.4,5.4
Jonathan Kuminga,2020-21,80,203.2,PF,GSW,47,24.3,15.3
Jonathan Mogbo,2020-21,81,205.74,PF,TOR,63,20.4,6.2
Jordan Clarkson,2020-21,75,190.5,SG,UTA,37,26,16.2
Jordan Goodwin,2020-21,75,190.5,PG,LAL,29,18.7,5.6
Jordan Hawkins,2020-21,77,195.58,SG,NOP,56,23.6,10.8
Jordan Poole,2020-21,76,193.04,SG,WAS,68,29.4,20.5
Jose Alvarado,2020-21,72,182.88,PG,NOP,56,24.4,10.3
Josh Giddey,2020-21,80,203.2,PG,CHI,70,30.2,14.6
Josh Green,2020-21,77,195.58,SG,CHO,68,27.8,7.4
Josh Hart,2020-21,76,193.04,SG,NYK,77,37.6,13.6
Josh Okogie,2020-21,76,193.04,SG,2TM,40,15.6,7.1
Jrue Holiday,2020-21,76,193.04,PG,BOS,62,30.6,11.1
Julian Champagnie,2020-21,80,203.2,SF,SAS,82,23.6,9.9
Julian Strawther,2020-21,79,200.66,SG,DEN,65,21.3,9
Julius Randle,2020-21,81,205.74,PF,MIN,69,32.3,18.7
Justin Champagnie,2020-21,78,198.12,SF,WAS,62,21.6,8.8
Justin Edwards,2020-21,78,198.12,SF,PHI,44,26.3,10.1
Jusuf NurkiÄ,2020-21,,,C,2TM,51,20.8,8.9
KJ Martin,2020-21,78,198.12,PF,2TM,43,21.2,6.4
KJ Simpson,2020-21,72,182.88,PG,CHO,36,23.4,7.8
Kai Jones,2020-21,83,210.82,C,2TM,40,11.7,5
Karl-Anthony Towns,2020-21,84,213.36,C,NYK,72,35,24.4
Karlo MatkoviÄ,2020-21,,,PF,NOP,42,18.8,7.7
Kawhi Leonard,2020-21,79,200.66,SF,LAC,37,31.9,21.5
Keaton Wallace,2020-21,75,190.5,PG,ATL,31,16.2,5.4
Keegan Murray,2020-21,80,203.2,PF,SAC,76,34.3,12.4
Kel'el Ware,2020-21,84,213.36,C,MIA,64,22.2,9.3
Keldon Johnson,2020-21,77,195.58,SF,SAS,77,23.9,12.7
Kelly Olynyk,2020-21,83,210.82,C,2TM,44,20.3,8.7
Kelly Oubre Jr.,2020-21,80,203.2,SF,PHI,60,34.6,15.1
Kenrich Williams,2020-21,79,200.66,PF,OKC,69,16.4,6.3
Kentavious Caldwell-Pope,2020-21,77,195.58,SG,ORL,77,29.6,8.7
Keon Ellis,2020-21,78,198.12,SG,SAC,80,24.4,8.3
Keon Johnson,2020-21,77,195.58,SG,BRK,79,24.4,10.6
Kevin Durant,2020-21,83,210.82,PF,PHO,62,36.5,26.6
Kevin Huerter,2020-21,79,200.66,SG,2TM,69,24.3,9.9
Kevin Love,2020-21,80,203.2,PF,MIA,23,10.9,5.3
Kevin Porter Jr.,2020-21,76,193.04,SG,2TM,75,19.8,10.3
Keyonte George,2020-21,76,193.04,PG,UTA,67,31.5,16.8
Khris Middleton,2020-21,79,200.66,SF,2TM,37,22.8,11.9
Klay Thompson,2020-21,77,195.58,SF,DAL,72,27.3,14
Kris Dunn,2020-21,75,190.5,PG,LAC,74,24.1,6.4
Kristaps PorziÅÄ£is,2020-21,,,C,BOS,42,28.8,19.5
Kyle Anderson,2020-21,81,205.74,PF,2TM,61,16.4,5.9
Kyle Filipowski,2020-21,83,210.82,C,UTA,72,21.1,9.6
Kyle Kuzma,2020-21,81,205.74,PF,2TM,65,29.8,14.8
Kyrie Irving,2020-21,74,187.96,SG,DAL,50,36.1,24.7
Kyshawn George,2020-21,79,200.66,SG,WAS,68,26.5,8.7
LaMelo Ball,2020-21,79,200.66,PG,CHO,47,32,25.2
Landry Shamet,2020-21,76,193.04,SG,NYK,50,15.2,5.7
Larry Nance Jr.,2020-21,80,203.2,PF,ATL,24,19.3,8.5
Lauri Markkanen,2020-21,84,213.36,PF,UTA,47,31.4,19
LeBron James,2020-21,81,205.74,SF,LAL,70,34.9,24.4
Lindy Waters III,2020-21,78,198.12,SG,2TM,52,15,4.9
Lonnie Walker IV,2020-21,76,193.04,SG,PHI,20,23.9,12.4
Lonzo Ball,2020-21,78,198.12,PG,CHI,35,22.2,7.6
Luguentz Dort,2020-21,76,193.04,SF,OKC,71,29.2,10.1
Luka DonÄiÄ,2020-21,,,PG,2TM,50,35.4,28.2
Luke Kennard,2020-21,77,195.58,SG,MEM,65,22.6,8.9
Luke Kornet,2020-21,86,218.44,C,BOS,73,18.6,6
Malaki Branham,2020-21,76,193.04,SG,SAS,47,9.1,5
Malcolm Brogdon,2020-21,76,193.04,PG,WAS,24,23.5,12.7
Malik Beasley,2020-21,76,193.04,SG,DET,82,27.8,16.3
Malik Monk,2020-21,75,190.5,SG,SAC,65,31.6,17.2
Marcus Sasser,2020-21,74,187.96,PG,DET,57,14.2,6.6
Marcus Smart,2020-21,75,190.5,PG,2TM,34,20,9
Mark Williams,2020-21,84,213.36,C,CHO,44,26.6,15.3
Matas Buzelis,2020-21,82,208.28,SF,CHI,80,18.9,8.6
Max Christie,2020-21,78,198.12,SG,2TM,78,27.3,9.6
Max Strus,2020-21,77,195.58,SF,CLE,50,25.5,9.4
Michael Porter Jr.,2020-21,82,208.28,SF,DEN,77,33.7,18.2
Mikal Bridges,2020-21,78,198.12,SF,NYK,82,37,17.6
Mike Conley,2020-21,72,182.88,PG,MIN,71,24.7,8.2
Miles Bridges,2020-21,79,200.66,PF,CHO,64,31.7,20.3
Miles McBride,2020-21,74,187.96,SG,NYK,64,24.9,9.5
Monte Morris,2020-21,74,187.96,PG,PHO,45,12.7,5.2
Moritz Wagner,2020-21,83,210.82,C,ORL,30,18.8,12.9
Moses Moody,2020-21,77,195.58,SG,GSW,74,22.3,9.8
Mouhamed Gueye,2020-21,83,210.82,PF,ATL,33,16.2,6
Moussa DiabatÃ©,2020-21,,,C,CHO,71,17.5,5.7
Myles Turner,2020-21,83,210.82,C,IND,72,30.2,15.6
Naji Marshall,2020-21,79,200.66,SF,DAL,69,27.8,13.2
Naz Reid,2020-21,81,205.74,C,MIN,80,27.5,14.2
Neemias Queta,2020-21,84,213.36,C,BOS,62,13.9,5
Nic Claxton,2020-21,83,210.82,C,BRK,70,26.9,10.3
Nick Richards,2020-21,84,213.36,C,2TM,57,22,9.3
Nick Smith Jr.,2020-21,74,187.96,SG,CHO,60,22.8,9.9
Nickeil Alexander-Walker,2020-21,77,195.58,SG,MIN,82,25.3,9.4
Nikola JokiÄ,2020-21,,,C,DEN,70,36.7,29.6
Nikola JoviÄ,2020-21,,,PF,MIA,46,25.1,10.7
Nikola VuÄeviÄ,2020-21,,,C,CHI,73,31.2,18.5
Noah Clowney,2020-21,82,208.28,PF,BRK,46,22.7,9.1
Norman Powell,2020-21,75,190.5,SG,LAC,60,32.6,21.8
OG Anunoby,2020-21,79,200.66,PF,NYK,74,36.6,18
Obi Toppin,2020-21,81,205.74,PF,IND,79,19.6,10.5
Ochai Agbaji,2020-21,77,195.58,SG,TOR,64,27.2,10.4
Onyeka Okongwu,2020-21,80,203.2,C,ATL,74,27.9,13.4
Orlando Robinson,2020-21,84,213.36,C,2TM,44,17.5,6.9
P.J. Washington,2020-21,79,200.66,PF,DAL,57,32.2,14.7
Paolo Banchero,2020-21,82,208.28,PF,ORL,46,34.4,25.9
Pascal Siakam,2020-21,80,203.2,PF,IND,78,32.7,20.2
Pat Connaughton,2020-21,77,195.58,SG,MIL,41,14.7,5.3
Patrick Williams,2020-21,79,200.66,PF,CHI,63,25,9
Paul George,2020-21,80,203.2,PF,PHI,41,32.5,16.2
Payton Pritchard,2020-21,73,185.42,PG,BOS,80,28.4,14.3
Peyton Watson,2020-21,80,203.2,SF,DEN,68,24.4,8.1
Precious Achiuwa,2020-21,80,203.2,C,NYK,57,20.5,6.6
Quentin Grimes,2020-21,77,195.58,SG,2TM,75,26.8,14.6
Quenton Jackson,2020-21,77,195.58,PG,IND,28,13.6,5.8
Quinten Post,2020-21,84,213.36,PF,GSW,42,16.3,8.1
RJ Barrett,2020-21,78,198.12,SF,TOR,58,32.2,21.1
Richaun Holmes,2020-21,82,208.28,PF,WAS,31,17.2,7.4
Ricky Council IV,2020-21,78,198.12,SF,PHI,73,17.1,7.3
Robert Williams,2020-21,81,205.74,C,POR,20,17.6,5.8
Ron Holland,2020-21,80,203.2,SF,DET,81,15.6,6.4
Royce O'Neale,2020-21,76,193.04,SF,PHO,75,24.5,9.1
Rudy Gobert,2020-21,85,215.9,C,MIN,72,33.2,12
Rui Hachimura,2020-21,80,203.2,PF,LAL,59,31.7,13.1
Russell Westbrook,2020-21,76,193.04,PG,DEN,75,27.9,13.3
Ryan Dunn,2020-21,78,198.12,SF,PHO,74,19.1,6.9
Ryan Rollins,2020-21,76,193.04,PG,MIL,56,14.6,6.2
Sam Hauser,2020-21,80,203.2,PF,BOS,71,21.7,8.5
Sam Merrill,2020-21,76,193.04,SG,CLE,71,19.7,7.2
Sandro Mamukelashvili,2020-21,83,210.82,PF,SAS,61,11.2,6.3
Santi Aldama,2020-21,83,210.82,PF,MEM,65,25.5,12.5
Scoot Henderson,2020-21,75,190.5,PG,POR,66,26.7,12.7
Scottie Barnes,2020-21,79,200.66,PF,TOR,65,32.8,19.3
Scotty Pippen Jr.,2020-21,73,185.42,PG,MEM,79,21.3,9.9
Seth Curry,2020-21,73,185.42,SG,CHO,68,15.6,6.5
Shaedon Sharpe,2020-21,78,198.12,SG,POR,72,31.3,18.5
Shai Gilgeous-Alexander,2020-21,78,198.12,PG,OKC,76,34.2,32.7
Shake Milton,2020-21,77,195.58,SG,2TM,57,14.7,5.5
Simone Fontecchio,2020-21,80,203.2,SF,DET,75,16.5,5.9
Spencer Dinwiddie,2020-21,77,195.58,PG,DAL,79,27,11
Stephen Curry,2020-21,74,187.96,PG,GSW,70,32.2,24.5
Stephon Castle,2020-21,78,198.12,SG,SAS,81,26.7,14.7
Svi Mykhailiuk,2020-21,79,200.66,SF,UTA,38,20,8.8
T.J. McConnell,2020-21,73,185.42,PG,IND,79,17.9,9.1
Talen Horton-Tucker,2020-21,76,193.04,SG,CHI,58,12.5,6.5
Tari Eason,2020-21,80,203.2,PF,HOU,57,24.9,12
Taurean Prince,2020-21,78,198.12,SF,MIL,80,27.1,8.2
Terance Mann,2020-21,77,195.58,SG,2TM,67,21.1,7.7
Terry Rozier,2020-21,73,185.42,PG,MIA,64,25.9,10.6
Thomas Bryant,2020-21,82,208.28,C,2TM,66,14.6,6.5
Tidjane SalaÃ¼n,2020-21,,,PF,CHO,60,20.7,5.9
Tim Hardaway Jr.,2020-21,77,195.58,SG,DET,77,28,11
Tobias Harris,2020-21,80,203.2,PF,DET,73,31.6,13.7
Tosan Evbuomwan,2020-21,80,203.2,SF,BRK,28,23.8,9.5
Toumani Camara,2020-21,80,203.2,PF,POR,78,32.7,11.3
Trae Young,2020-21,73,185.42,PG,ATL,76,36,24.2
Trayce Jackson-Davis,2020-21,81,205.74,C,GSW,62,15.6,6.6
Tre Jones,2020-21,73,185.42,PG,2TM,46,19.7,7.2
Trendon Watford,2020-21,81,205.74,PF,BRK,44,20.8,10.2
Trevelin Queen,2020-21,78,198.12,SG,ORL,31,13.9,4.9
Trey Lyles,2020-21,81,205.74,PF,SAC,69,19.6,6.5
Trey Murphy III,2020-21,80,203.2,SF,NOP,53,35,21.2
Tristan Da Silva,2020-21,80,203.2,SF,ORL,74,22,7.2
Tristan Vukcevic,2020-21,82,208.28,C,WAS,35,14.7,9.4
Ty Jerome,2020-21,77,195.58,SG,CLE,70,19.9,12.5
Tyler Herro,2020-21,77,195.58,SG,MIA,77,35.4,23.9
Tyrese Haliburton,2020-21,77,195.58,PG,IND,73,33.6,18.6
Tyrese Martin,2020-21,78,198.12,SG,BRK,60,21.9,8.7
Tyrese Maxey,2020-21,74,187.96,PG,PHI,52,37.7,26.3
Tyus Jones,2020-21,73,185.42,PG,PHO,81,26.8,10.2
Vasilije MiciÄ,2020-21,,,PG,2TM,41,19.1,6.6
Victor Wembanyama,2020-21,87,220.98,C,SAS,46,33.2,24.3
Vince Williams Jr.,2020-21,76,193.04,SG,MEM,27,18.5,6.6
VÃ­t KrejÄÃ­,2020-21,,,PG,ATL,57,20.2,7.2
Walker Kessler,2020-21,84,213.36,C,UTA,58,30,11.1
Wendell Carter Jr.,2020-21,82,208.28,C,ORL,68,25.9,9.1
Yves Missi,2020-21,83,210.82,C,NOP,73,26.8,9.1
Zaccharie Risacher,2020-21,80,203.2,SF,ATL,75,24.6,12.6
Zach Collins,2020-21,83,210.82,PF,2TM,64,15.3,6.4
Zach Edey,2020-21,88,223.52,C,MEM,66,21.5,9.2
Zach LaVine,2020-21,77,195.58,SG,2TM,74,35.2,23.3
Ziaire Williams,2020-21,81,205.74,SF,BRK,63,24.5,10
Zion Williamson,2020-21,78,198.12,PF,NOP,30,28.6,24.6
A.J. Green,2021-22,76,193.04,SG,MIL,56,11,4.5
Aaron Gordon,2021-22,80,203.2,PF,DEN,73,31.5,13.9
Aaron Holiday,2021-22,72,182.88,PG,HOU,78,16.3,6.6
Aaron Nesmith,2021-22,77,195.58,SF,IND,72,27.7,12.2
Aaron Wiggins,2021-22,78,198.12,SG,OKC,78,15.7,6.9
Al Horford,2021-22,81,205.74,C,BOS,65,26.8,8.6
Alec Burks,2021-22,78,198.12,SG,2TM,66,18.4,10.4
Aleksej Pokusevski,2021-22,84,213.36,PF,2TM,28,14.5,5.2
Alex Caruso,2021-22,77,195.58,SG,CHI,71,28.7,10.1
Alperen ÅengÃ¼n,2021-22,,,C,HOU,63,32.5,21.1
Amen Thompson,2021-22,79,200.66,SF,HOU,62,22.4,9.5
Amir Coffey,2021-22,79,200.66,SF,LAC,70,20.9,6.6
Andre Drummond,2021-22,83,210.82,C,CHI,79,17.1,8.4
Andrew Nembhard,2021-22,77,195.58,PG,IND,68,25,9.2
Andrew Wiggins,2021-22,79,200.66,SF,GSW,71,27,13.2
Anfernee Simons,2021-22,75,190.5,SG,POR,46,34.4,22.6
Anthony Black,2021-22,79,200.66,PG,ORL,69,16.9,4.6
Anthony Davis,2021-22,82,208.28,C,LAL,76,35.5,24.7
Anthony Edwards,2021-22,76,193.04,SG,MIN,79,35.1,25.9
Ausar Thompson,2021-22,79,200.66,SF,DET,63,25.1,8.8
Austin Reaves,2021-22,77,195.58,SG,LAL,82,32.1,15.9
Ayo Dosunmu,2021-22,77,195.58,SG,CHI,76,29.1,12.2
Bam Adebayo,2021-22,81,205.74,C,MIA,71,34,19.3
Ben Sheppard,2021-22,78,198.12,SG,IND,57,14.3,4.4
Bennedict Mathurin,2021-22,78,198.12,SF,IND,59,26.1,14.5
Bilal Coulibaly,2021-22,78,198.12,SF,WAS,63,27.2,8.4
Bismack Biyombo,2021-22,80,203.2,C,2TM,40,19.8,4.4
Blake Wesley,2021-22,77,195.58,SG,SAS,61,14.4,4.4
Bobby Portis,2021-22,82,208.28,PF,MIL,82,24.5,13.8
Bogdan BogdanoviÄ,2021-22,,,SG,ATL,79,30.4,16.9
Bojan BogdanoviÄ,2021-22,,,PF,2TM,57,25.9,15.2
Bol Bol,2021-22,87,220.98,PF,PHO,43,10.9,5.2
Bones Hyland,2021-22,74,187.96,PG,LAC,37,14.6,6.9
Bradley Beal,2021-22,76,193.04,SG,PHO,53,33.3,18.2
Brandin Podziemski,2021-22,77,195.58,SG,GSW,74,26.6,9.2
Brandon Boston Jr.,2021-22,79,200.66,SF,LAC,32,10.8,5.2
Brandon Ingram,2021-22,80,203.2,SF,NOP,64,32.9,20.8
Brandon Miller,2021-22,81,205.74,SF,CHO,74,32.2,17.3
Brice Sensabaugh,2021-22,78,198.12,SF,UTA,32,18.3,7.5
Brook Lopez,2021-22,85,215.9,C,MIL,79,30.5,12.5
Bruce Brown,2021-22,76,193.04,SG,2TM,67,27.9,10.8
Bruno Fernando,2021-22,81,205.74,C,ATL,45,15.2,6.3
Bryce McGowens,2021-22,79,200.66,SG,CHO,59,14.9,5.1
Buddy Hield,2021-22,76,193.04,SF,2TM,84,25.7,12.1
CJ McCollum,2021-22,75,190.5,PG,NOP,66,32.7,20
Cade Cunningham,2021-22,78,198.12,PG,DET,62,33.5,22.7
Caleb Houstan,2021-22,80,203.2,SF,ORL,59,13.8,4.3
Caleb Martin,2021-22,77,195.58,SF,MIA,64,27.4,10
Cam Reddish,2021-22,80,203.2,SF,LAL,48,20.5,5.4
Cam Thomas,2021-22,76,193.04,SG,BRK,66,31.4,22.5
Cam Whitmore,2021-22,79,200.66,SF,HOU,47,18.7,12.3
Cameron Johnson,2021-22,80,203.2,PF,BRK,58,27.6,13.4
Cameron Payne,2021-22,75,190.5,PG,2TM,78,16.7,7.4
Caris LeVert,2021-22,78,198.12,SG,CLE,68,28.8,14
Cason Wallace,2021-22,76,193.04,SG,OKC,82,20.6,6.8
Cedi Osman,2021-22,79,200.66,SF,SAS,72,17.6,6.8
Chet Holmgren,2021-22,85,215.9,C,OKC,82,29.4,16.5
Chimezie Metu,2021-22,81,205.74,C,2TM,51,16.8,6.5
Chris Boucher,2021-22,81,205.74,PF,TOR,50,14.1,6.4
Chris Paul,2021-22,72,182.88,PG,GSW,58,26.4,9.2
Christian Braun,2021-22,78,198.12,SG,DEN,82,20.2,7.3
Christian Wood,2021-22,80,203.2,PF,LAL,50,17.4,6.9
Clint Capela,2021-22,82,208.28,C,ATL,73,25.8,11.5
Coby White,2021-22,77,195.58,PG,CHI,79,36.5,19.1
Cody Martin,2021-22,77,195.58,SF,CHO,28,26.9,7.5
Cole Anthony,2021-22,74,187.96,PG,ORL,81,22.4,11.6
Collin Sexton,2021-22,75,190.5,SG,UTA,78,26.6,18.7
Corey Kispert,2021-22,79,200.66,SF,WAS,80,25.8,13.4
Craig Porter Jr.,2021-22,74,187.96,PG,CLE,51,12.7,5.6
D'Angelo Russell,2021-22,75,190.5,PG,LAL,76,32.7,18
Dalano Banton,2021-22,81,205.74,PG,2TM,54,19.4,10.3
Damian Lillard,2021-22,74,187.96,PG,MIL,73,35.3,24.3
Daniel Gafford,2021-22,82,208.28,C,2TM,74,24.5,11
Daniel Theis,2021-22,80,203.2,C,2TM,60,16.9,6.3
Danilo Gallinari,2021-22,82,208.28,SF,3TM,49,12.9,5.7
DantÃ© Exum,2021-22,,,PG,DAL,55,19.8,7.8
Dario Å ariÄ,2021-22,,,C,GSW,64,17.2,8
Darius Garland,2021-22,73,185.42,PG,CLE,57,33.4,18
David Roddy,2021-22,76,193.04,PF,2TM,65,18.1,6.5
Davion Mitchell,2021-22,74,187.96,PG,SAC,72,15.3,5.3
Day'Ron Sharpe,2021-22,83,210.82,C,BRK,61,15.1,6.8
De'Aaron Fox,2021-22,75,190.5,PG,SAC,74,35.9,26.6
De'Andre Hunter,2021-22,80,203.2,SF,ATL,57,29.5,15.6
De'Anthony Melton,2021-22,74,187.96,SG,PHI,38,26.9,11.1
DeMar DeRozan,2021-22,78,198.12,SF,CHI,79,37.8,24
Dean Wade,2021-22,81,205.74,PF,CLE,54,20.5,5.4
Deandre Ayton,2021-22,84,213.36,C,POR,55,32.4,16.7
Dejounte Murray,2021-22,77,195.58,SG,ATL,78,35.7,22.5
Delon Wright,2021-22,77,195.58,PG,2TM,47,15.8,4.5
Deni Avdija,2021-22,81,205.74,SF,WAS,75,30.1,14.7
Dennis SchrÃ¶der,2021-22,,,PG,2TM,80,31.1,14
Dennis Smith Jr.,2021-22,74,187.96,PG,BRK,56,18.9,6.6
Dereck Lively II,2021-22,85,215.9,C,DAL,55,23.5,8.8
Derrick Jones Jr.,2021-22,77,195.58,SF,DAL,76,23.5,8.6
Derrick Rose,2021-22,75,190.5,PG,MEM,24,16.6,8
Derrick White,2021-22,76,193.04,SG,BOS,73,32.6,15.2
Desmond Bane,2021-22,77,195.58,SG,MEM,42,34.4,23.7
Devin Booker,2021-22,78,198.12,PG,PHO,68,36,27.1
Devin Vassell,2021-22,77,195.58,SG,SAS,68,33.1,19.5
Devonte' Graham,2021-22,73,185.42,PG,SAS,23,13.6,5
Dillon Brooks,2021-22,78,198.12,SF,HOU,72,30.9,12.7
Domantas Sabonis,2021-22,82,208.28,C,SAC,82,35.7,19.4
Dominick Barlow,2021-22,81,205.74,PF,SAS,33,12.7,4.4
Donovan Mitchell,2021-22,75,190.5,SG,CLE,55,35.3,26.6
Donte DiVincenzo,2021-22,76,193.04,SG,NYK,81,29.1,15.5
Dorian Finney-Smith,2021-22,79,200.66,PF,BRK,68,28.4,8.5
Doug McDermott,2021-22,78,198.12,SF,2TM,64,14.1,5.5
Draymond Green,2021-22,78,198.12,PF,GSW,55,27.1,8.6
Drew Eubanks,2021-22,81,205.74,C,PHO,75,15.6,5.1
Duncan Robinson,2021-22,79,200.66,SF,MIA,68,28,12.9
Duop Reath,2021-22,83,210.82,C,POR,68,17.9,9.1
Dyson Daniels,2021-22,80,203.2,PG,NOP,61,22.3,5.8
DÄvis BertÄns,2021-22,,,PF,2TM,43,15.7,6.7
Eric Gordon,2021-22,75,190.5,SG,PHO,68,27.8,11
Eugene Omoruyi,2021-22,79,200.66,SF,WAS,43,9.1,4.8
Evan Fournier,2021-22,78,198.12,SG,2TM,32,18.1,6.9
Evan Mobley,2021-22,83,210.82,PF,CLE,50,30.6,15.7
Franz Wagner,2021-22,82,208.28,SF,ORL,72,32.5,19.7
Fred VanVleet,2021-22,72,182.88,PG,HOU,73,36.8,17.4
GG Jackson II,2021-22,81,205.74,PF,MEM,48,25.7,14.6
Garrison Mathews,2021-22,77,195.58,SG,ATL,66,15,4.9
Gary Harris,2021-22,76,193.04,SG,ORL,54,24,6.9
Gary Payton II,2021-22,74,187.96,SG,GSW,44,15.5,5.5
Gary Trent Jr.,2021-22,77,195.58,SG,TOR,71,28.1,13.7
Georges Niang,2021-22,79,200.66,PF,CLE,82,22.3,9.4
Giannis Antetokounmpo,2021-22,83,210.82,PF,MIL,73,35.2,30.4
Goga Bitadze,2021-22,83,210.82,C,ORL,62,15.4,5
Gordon Hayward,2021-22,79,200.66,SF,2TM,51,24.4,9.8
Gradey Dick,2021-22,78,198.12,SG,TOR,60,21.1,8.5
Grant Williams,2021-22,78,198.12,PF,2TM,76,28,10.3
Grayson Allen,2021-22,76,193.04,SG,PHO,75,33.5,13.5
Harrison Barnes,2021-22,80,203.2,PF,SAC,82,29,12.2
Haywood Highsmith,2021-22,79,200.66,PF,MIA,66,20.7,6.1
Herbert Jones,2021-22,80,203.2,SF,NOP,76,30.5,11
Immanuel Quickley,2021-22,75,190.5,SG,2TM,68,29.2,17
Isaac Okoro,2021-22,77,195.58,SF,CLE,69,27.3,9.4
Isaiah Hartenstein,2021-22,84,213.36,C,NYK,75,25.3,7.8
Isaiah Jackson,2021-22,82,208.28,C,IND,59,13.1,6.5
Isaiah Joe,2021-22,77,195.58,SG,OKC,78,18.5,8.2
Isaiah Livers,2021-22,79,200.66,PF,DET,23,20.4,5
Isaiah Stewart,2021-22,80,203.2,PF,DET,46,30.9,10.9
Ivica Zubac,2021-22,84,213.36,C,LAC,68,26.4,11.7
Jabari Smith Jr.,2021-22,83,210.82,PF,HOU,76,31.9,13.7
Jabari Walker,2021-22,81,205.74,PF,POR,72,23.6,8.9
Jaden Hardy,2021-22,76,193.04,SG,DAL,73,13.5,7.3
Jaden Ivey,2021-22,76,193.04,SG,DET,77,28.8,15.4
Jaden McDaniels,2021-22,81,205.74,SF,MIN,72,29.2,10.5
Jae Crowder,2021-22,78,198.12,PF,MIL,50,23.1,6.2
Jaime Jaquez Jr.,2021-22,78,198.12,SF,MIA,75,28.2,11.9
Jake LaRavia,2021-22,80,203.2,PF,MEM,35,23,10.8
Jakob Poeltl,2021-22,84,213.36,C,TOR,50,26.4,11.1
Jalen Brunson,2021-22,74,187.96,PG,NYK,77,35.4,28.7
Jalen Duren,2021-22,82,208.28,C,DET,61,29.1,13.8
Jalen Green,2021-22,76,193.04,SG,HOU,82,31.7,19.6
Jalen Johnson,2021-22,81,205.74,SF,ATL,56,33.7,16
Jalen Smith,2021-22,82,208.28,C,IND,61,17.2,9.9
Jalen Suggs,2021-22,77,195.58,SG,ORL,75,27,12.6
Jalen Williams,2021-22,78,198.12,PF,OKC,71,31.3,19.1
Jalen Wilson,2021-22,80,203.2,PF,BRK,43,15.4,5
Jamal Murray,2021-22,76,193.04,PG,DEN,59,31.5,21.2
James Harden,2021-22,77,195.58,PG,LAC,72,34.3,16.6
James Wiseman,2021-22,84,213.36,C,DET,63,17.3,7.1
Jared Butler,2021-22,75,190.5,SG,WAS,40,14.2,6.3
Jaren Jackson Jr.,2021-22,82,208.28,C,MEM,66,32.2,22.5
Jarred Vanderbilt,2021-22,80,203.2,PF,LAL,29,20,5.2
Jarrett Allen,2021-22,83,210.82,C,CLE,77,31.7,16.5
Javon Freeman-Liberty,2021-22,76,193.04,PG,TOR,22,18.3,7
Jaxson Hayes,2021-22,84,213.36,C,LAL,70,12.5,4.3
Jaylen Brown,2021-22,78,198.12,SF,BOS,70,33.5,23
Jayson Tatum,2021-22,80,203.2,PF,BOS,74,35.7,26.9
Jeff Green,2021-22,80,203.2,PF,HOU,78,16.8,6.5
Jerami Grant,2021-22,79,200.66,PF,POR,54,33.9,21
Jeremy Sochan,2021-22,80,203.2,PF,SAS,74,29.6,11.6
Jevon Carter,2021-22,73,185.42,PG,CHI,72,13.9,5
Jimmy Butler,2021-22,79,200.66,PF,MIA,60,34,20.8
Jock Landale,2021-22,83,210.82,C,HOU,56,13.6,4.9
Joe Ingles,2021-22,80,203.2,SF,ORL,68,17.2,4.4
Joel Embiid,2021-22,84,213.36,C,PHI,39,33.6,34.7
John Collins,2021-22,81,205.74,PF,UTA,68,28,15.1
John Konchar,2021-22,77,195.58,SF,MEM,55,21.3,4.3
Johnny Juzang,2021-22,79,200.66,SG,UTA,20,18.6,7.2
Jonas ValanÄiÅ«nas,2021-22,,,C,NOP,82,23.5,12.2
Jonathan Isaac,2021-22,82,208.28,PF,ORL,58,15.8,6.8
Jonathan Kuminga,2021-22,80,203.2,PF,GSW,74,26.3,16.1
Jontay Porter,2021-22,83,210.82,PF,TOR,26,13.8,4.4
Jordan Clarkson,2021-22,75,190.5,SG,UTA,55,30.6,17.1
Jordan Goodwin,2021-22,75,190.5,PG,2TM,57,18.5,6.5
Jordan Hawkins,2021-22,77,195.58,SG,NOP,67,17.3,7.8
Jordan Nwora,2021-22,80,203.2,SF,2TM,52,13.7,7
Jordan Poole,2021-22,76,193.04,SG,WAS,78,30.1,17.4
Jose Alvarado,2021-22,72,182.88,PG,NOP,56,18.4,7.1
Josh Giddey,2021-22,80,203.2,SG,OKC,80,25.1,12.3
Josh Green,2021-22,77,195.58,SG,DAL,57,26.4,8.2
Josh Hart,2021-22,76,193.04,SF,NYK,81,33.4,9.4
Josh Okogie,2021-22,76,193.04,SG,PHO,60,16,4.6
Josh Richardson,2021-22,77,195.58,SG,MIA,43,25.7,9.9
Jrue Holiday,2021-22,76,193.04,PG,BOS,69,32.8,12.5
Julian Champagnie,2021-22,80,203.2,SF,SAS,74,19.8,6.8
Julian Strawther,2021-22,79,200.66,SF,DEN,50,10.9,4.5
Julius Randle,2021-22,81,205.74,PF,NYK,46,35.4,24
Jusuf NurkiÄ,2021-22,,,C,PHO,76,27.3,10.9
Karl-Anthony Towns,2021-22,84,213.36,PF,MIN,62,32.7,21.8
Kawhi Leonard,2021-22,79,200.66,SF,LAC,68,34.3,23.7
Keegan Murray,2021-22,80,203.2,SF,SAC,77,33.6,15.2
Keldon Johnson,2021-22,77,195.58,SF,SAS,69,29.5,15.7
Kelly Olynyk,2021-22,83,210.82,C,2TM,78,22.6,9.8
Kelly Oubre Jr.,2021-22,80,203.2,SF,PHI,68,30.2,15.4
Kenneth Lofton Jr.,2021-22,79,200.66,PF,3TM,21,9.5,4.6
Kenrich Williams,2021-22,79,200.66,PF,OKC,69,14.9,4.7
Kentavious Caldwell-Pope,2021-22,77,195.58,SG,DEN,76,31.6,10.1
Keon Ellis,2021-22,78,198.12,SG,SAC,57,17.2,5.4
Kevin Durant,2021-22,83,210.82,PF,PHO,75,37.2,27.1
Kevin Huerter,2021-22,79,200.66,SG,SAC,64,24.4,10.2
Kevin Knox,2021-22,79,200.66,SF,DET,31,18.1,7.2
Kevin Love,2021-22,80,203.2,PF,MIA,55,16.8,8.8
Kevon Looney,2021-22,81,205.74,C,GSW,74,16.1,4.5
Keyonte George,2021-22,76,193.04,PG,UTA,75,27,13
Khris Middleton,2021-22,79,200.66,SF,MIL,55,27,15.1
Killian Hayes,2021-22,77,195.58,PG,DET,42,24,6.9
Klay Thompson,2021-22,77,195.58,SF,GSW,77,29.7,17.9
Kris Dunn,2021-22,75,190.5,PG,UTA,66,18.9,5.4
Kris Murray,2021-22,80,203.2,SF,POR,62,21.7,6.1
Kristaps PorziÅÄ£is,2021-22,,,C,BOS,57,29.6,20.1
Kyle Anderson,2021-22,81,205.74,PF,MIN,79,22.6,6.4
Kyle Kuzma,2021-22,81,205.74,PF,WAS,70,32.6,22.2
Kyle Lowry,2021-22,72,182.88,PG,2TM,60,28.2,8.1
Kyrie Irving,2021-22,74,187.96,SG,DAL,58,35,25.6
LaMelo Ball,2021-22,79,200.66,PG,CHO,22,32.3,23.9
Lamar Stevens,2021-22,78,198.12,PF,2TM,38,14.7,7.2
Landry Shamet,2021-22,76,193.04,SG,WAS,46,15.8,7.1
Larry Nance Jr.,2021-22,80,203.2,C,NOP,61,19.9,5.7
Lauri Markkanen,2021-22,84,213.36,PF,UTA,55,33.1,23.2
LeBron James,2021-22,81,205.74,PF,LAL,71,35.3,25.7
Lester QuiÃ±ones,2021-22,,,SG,GSW,37,10.6,4.4
Lonnie Walker IV,2021-22,76,193.04,SG,BRK,58,17.4,9.7
Luguentz Dort,2021-22,76,193.04,SF,OKC,79,28.4,10.9
Luka DonÄiÄ,2021-22,,,PG,DAL,70,37.5,33.9
Luke Kennard,2021-22,77,195.58,SG,MEM,39,25.6,11
Luke Kornet,2021-22,86,218.44,C,BOS,63,15.6,5.3
Malachi Flynn,2021-22,73,185.42,PG,3TM,69,12.7,5.5
Malaki Branham,2021-22,76,193.04,PG,SAS,75,21.3,9.2
Malcolm Brogdon,2021-22,76,193.04,PG,POR,39,28.7,15.7
Malik Beasley,2021-22,76,193.04,SG,MIL,79,29.6,11.3
Malik Monk,2021-22,75,190.5,SG,SAC,72,26,15.4
MarJon Beauchamp,2021-22,78,198.12,SF,MIL,48,12.7,4.4
Marcus Morris,2021-22,80,203.2,PF,2TM,49,16.7,6.4
Marcus Sasser,2021-22,74,187.96,PG,DET,71,19,8.3
Marcus Smart,2021-22,75,190.5,PG,MEM,20,30.3,14.5
Markelle Fultz,2021-22,76,193.04,PG,ORL,43,21.2,7.8
Marvin Bagley III,2021-22,82,208.28,C,2TM,50,21.1,11.7
Mason Plumlee,2021-22,82,208.28,C,LAC,46,14.7,5.3
Matisse Thybulle,2021-22,77,195.58,SF,POR,65,22.9,5.4
Matt Ryan,2021-22,78,198.12,SF,NOP,28,13.9,5.4
Max Strus,2021-22,77,195.58,SF,CLE,70,32,12.2
Maxi Kleber,2021-22,82,208.28,C,DAL,43,20.3,4.4
Michael Porter Jr.,2021-22,82,208.28,SF,DEN,81,31.7,16.7
Mikal Bridges,2021-22,78,198.12,SF,BRK,82,34.8,19.6
Mike Conley,2021-22,72,182.88,PG,MIN,76,28.9,11.4
Miles Bridges,2021-22,79,200.66,SF,CHO,69,37.4,21
Miles McBride,2021-22,74,187.96,PG,NYK,68,19.5,8.3
Mitchell Robinson,2021-22,84,213.36,C,NYK,31,24.8,5.6
Mo Bamba,2021-22,84,213.36,C,PHI,57,13,4.4
Monte Morris,2021-22,74,187.96,PG,2TM,33,14.4,5
Moritz Wagner,2021-22,83,210.82,C,ORL,80,17.7,10.9
Moses Moody,2021-22,77,195.58,SG,GSW,66,17.5,8.1
Myles Turner,2021-22,83,210.82,C,IND,77,27,17.1
Naji Marshall,2021-22,79,200.66,SF,NOP,66,19,7.1
Naz Reid,2021-22,81,205.74,PF,MIN,81,24.2,13.5
Neemias Queta,2021-22,84,213.36,C,BOS,28,11.9,5.5
Nic Claxton,2021-22,83,210.82,C,BRK,71,29.8,11.8
Nick Richards,2021-22,84,213.36,C,CHO,67,26.3,9.7
Nick Smith Jr.,2021-22,74,187.96,SG,CHO,51,14.3,5.9
Nickeil Alexander-Walker,2021-22,77,195.58,SG,MIN,82,23.4,8
Nicolas Batum,2021-22,80,203.2,PF,2TM,60,25.5,5.3
Nikola JokiÄ,2021-22,,,C,DEN,79,34.6,26.4
Nikola JoviÄ,2021-22,,,PF,MIA,46,19.5,7.7
Nikola VuÄeviÄ,2021-22,,,C,CHI,76,34.3,18
Noah Clowney,2021-22,82,208.28,PF,BRK,23,16.1,5.8
Norman Powell,2021-22,75,190.5,SG,LAC,76,26.2,13.9
OG Anunoby,2021-22,79,200.66,SF,2TM,50,34,14.7
Obi Toppin,2021-22,81,205.74,PF,IND,82,21.1,10.3
Ochai Agbaji,2021-22,77,195.58,SG,2TM,78,21,5.8
Omer Yurtseven,2021-22,84,213.36,C,UTA,48,11.4,4.6
Onyeka Okongwu,2021-22,80,203.2,C,ATL,55,25.5,10.2
P.J. Washington,2021-22,79,200.66,PF,2TM,73,30.4,12.9
Paolo Banchero,2021-22,82,208.28,PF,ORL,80,35,22.6
Pascal Siakam,2021-22,80,203.2,PF,2TM,80,33.2,21.7
Pat Connaughton,2021-22,77,195.58,SF,MIL,76,22.1,5.6
Patrick Baldwin Jr.,2021-22,81,205.74,SF,WAS,38,13,4.4
Patrick Beverley,2021-22,74,187.96,PG,2TM,73,20,6.2
Patrick Williams,2021-22,79,200.66,PF,CHI,43,27.3,10
Paul George,2021-22,80,203.2,PF,LAC,74,33.8,22.6
Paul Reed,2021-22,81,205.74,C,PHI,82,19.4,7.3
Payton Pritchard,2021-22,73,185.42,PG,BOS,82,22.3,9.6
Peyton Watson,2021-22,80,203.2,SF,DEN,80,18.6,6.7
Precious Achiuwa,2021-22,80,203.2,C,2TM,74,21.9,7.6
Quentin Grimes,2021-22,77,195.58,SG,2TM,51,20.1,7
RJ Barrett,2021-22,78,198.12,SG,2TM,58,31.7,20.2
Reggie Jackson,2021-22,74,187.96,PG,DEN,82,22.2,10.2
Richaun Holmes,2021-22,82,208.28,C,2TM,40,13.9,5
Ricky Council IV,2021-22,78,198.12,SG,PHI,32,9,5.4
Robert Covington,2021-22,79,200.66,SF,2TM,29,16.8,4.4
Royce O'Neale,2021-22,76,193.04,SF,2TM,79,24.7,7.7
Rudy Gobert,2021-22,85,215.9,C,MIN,76,34.1,14
Rui Hachimura,2021-22,80,203.2,PF,LAL,68,26.9,13.6
Russell Westbrook,2021-22,76,193.04,PG,LAC,68,22.5,11.1
Saddiq Bey,2021-22,79,200.66,SF,ATL,63,32.7,13.7
Sam Hauser,2021-22,80,203.2,SF,BOS,79,22,9
Sam Merrill,2021-22,76,193.04,SG,CLE,61,17.5,8
Santi Aldama,2021-22,83,210.82,PF,MEM,61,26.5,10.7
Sasha Vezenkov,2021-22,81,205.74,PF,SAC,42,12.2,5.4
Scoot Henderson,2021-22,75,190.5,PG,POR,62,28.5,14
Scottie Barnes,2021-22,79,200.66,SG,TOR,60,34.9,19.9
Scotty Pippen Jr.,2021-22,73,185.42,PG,MEM,21,25.1,12.9
Seth Curry,2021-22,73,185.42,SG,2TM,44,14,5.1
Shaedon Sharpe,2021-22,78,198.12,SG,POR,32,33.1,15.9
Shai Gilgeous-Alexander,2021-22,78,198.12,PG,OKC,75,34,30.1
Shake Milton,2021-22,77,195.58,SG,3TM,48,12.1,4.5
Simone Fontecchio,2021-22,80,203.2,SF,2TM,66,24.9,10.5
Spencer Dinwiddie,2021-22,77,195.58,PG,2TM,76,28.3,10.5
Stanley Umude,2021-22,78,198.12,SG,DET,24,12.8,5.3
Stephen Curry,2021-22,74,187.96,PG,GSW,74,32.7,26.4
T.J. McConnell,2021-22,73,185.42,PG,IND,71,18.2,10.2
Talen Horton-Tucker,2021-22,76,193.04,PG,UTA,51,19.8,10.1
Tari Eason,2021-22,80,203.2,PF,HOU,22,21.8,9.8
Taurean Prince,2021-22,78,198.12,PF,LAL,78,27,8.9
Taylor Hendricks,2021-22,81,205.74,PF,UTA,40,21.4,7.3
Terance Mann,2021-22,77,195.58,SG,LAC,75,25,8.8
Terry Rozier,2021-22,73,185.42,SG,2TM,61,33.4,19.8
Thaddeus Young,2021-22,80,203.2,PF,2TM,33,13.3,4.2
Thomas Bryant,2021-22,82,208.28,C,MIA,38,11.6,5.7
Tim Hardaway Jr.,2021-22,77,195.58,SF,DAL,79,26.8,14.4
Tobias Harris,2021-22,80,203.2,PF,PHI,70,33.8,17.2
Torrey Craig,2021-22,79,200.66,SF,CHI,53,19.8,5.7
Toumani Camara,2021-22,80,203.2,PF,POR,70,24.8,7.5
Trae Young,2021-22,73,185.42,PG,ATL,54,36,25.7
Trayce Jackson-Davis,2021-22,81,205.74,PF,GSW,68,16.6,7.9
Tre Jones,2021-22,73,185.42,PG,SAS,77,27.8,10
Tre Mann,2021-22,75,190.5,PG,2TM,41,24.1,9.3
Trendon Watford,2021-22,81,205.74,PF,BRK,63,13.6,6.9
Trey Jemison,2021-22,83,210.82,C,2TM,25,22.9,6.8
Trey Lyles,2021-22,81,205.74,PF,SAC,58,20,7.2
Trey Murphy III,2021-22,80,203.2,SF,NOP,57,29.6,14.8
Tyler Herro,2021-22,77,195.58,SG,MIA,42,33.5,20.8
Tyrese Haliburton,2021-22,77,195.58,PG,IND,69,32.2,20.1
Tyrese Maxey,2021-22,74,187.96,PG,PHI,70,37.5,25.9
Tyus Jones,2021-22,73,185.42,PG,WAS,66,29.3,12
Vasilije MiciÄ,2021-22,,,PG,2TM,60,19.6,7
Victor Wembanyama,2021-22,87,220.98,C,SAS,71,29.7,21.4
Vince Williams Jr.,2021-22,76,193.04,SG,MEM,52,27.6,10
VÃ­t KrejÄÃ­,2021-22,,,PG,ATL,22,24.6,6.1
Walker Kessler,2021-22,84,213.36,C,UTA,64,23.3,8.1
Wendell Carter Jr.,2021-22,82,208.28,C,ORL,55,25.6,11
Xavier Tillman Sr.,2021-22,80,203.2,PF,2TM,54,18,5.3
Zach Collins,2021-22,83,210.82,C,SAS,69,22.1,11.2
Zach LaVine,2021-22,77,195.58,SG,CHI,25,34.9,19.5
Ziaire Williams,2021-22,81,205.74,SF,MEM,51,20.4,8.2
Zion Williamson,2021-22,78,198.12,PF,NOP,70,31.5,22.9
A.J. Green,2022-23,76,193.04,SG,MIL,35,9.9,4.4
AJ Griffin,2022-23,78,198.12,SF,ATL,72,19.5,8.9
Aaron Gordon,2022-23,80,203.2,PF,DEN,68,30.2,16.3
Aaron Nesmith,2022-23,77,195.58,SF,IND,73,24.9,10.1
Aaron Wiggins,2022-23,78,198.12,SG,OKC,70,18.5,6.8
Al Horford,2022-23,81,205.74,C,BOS,63,30.5,9.8
Alec Burks,2022-23,78,198.12,SG,DET,51,22,12.8
Aleksej Pokusevski,2022-23,84,213.36,PF,OKC,34,20.6,8.1
Alex Caruso,2022-23,77,195.58,PG,CHI,67,23.5,5.6
Alperen ÅengÃ¼n,2022-23,,,C,HOU,75,28.9,14.8
Andre Drummond,2022-23,83,210.82,C,CHI,67,12.7,6
Andrew Nembhard,2022-23,77,195.58,SG,IND,75,27.6,9.5
Andrew Wiggins,2022-23,79,200.66,SF,GSW,37,32.2,17.1
Anfernee Simons,2022-23,75,190.5,SG,POR,62,35,21.1
Anthony Davis,2022-23,82,208.28,C,LAL,56,34,25.9
Anthony Edwards,2022-23,76,193.04,SG,MIN,79,36,24.6
Anthony Lamb,2022-23,78,198.12,SF,GSW,62,19.3,6.7
Austin Reaves,2022-23,77,195.58,SG,LAL,64,28.8,13
Austin Rivers,2022-23,76,193.04,SG,MIN,52,19.5,4.9
Ayo Dosunmu,2022-23,77,195.58,SG,CHI,80,26.2,8.6
Bam Adebayo,2022-23,81,205.74,C,MIA,75,34.6,20.4
Ben Simmons,2022-23,82,208.28,PG,BRK,42,26.3,6.9
Bennedict Mathurin,2022-23,78,198.12,SG,IND,78,28.5,16.7
Blake Wesley,2022-23,77,195.58,SG,SAS,37,18.1,5
Bobby Portis,2022-23,82,208.28,PF,MIL,70,26,14.1
Bogdan BogdanoviÄ,2022-23,,,SG,ATL,54,27.9,14
Bojan BogdanoviÄ,2022-23,,,PF,DET,59,32.1,21.6
Bol Bol,2022-23,87,220.98,PF,ORL,70,21.5,9.1
Bones Hyland,2022-23,74,187.96,PG,2TM,56,19.4,11.8
Bradley Beal,2022-23,76,193.04,SG,WAS,50,33.5,23.2
Brandon Boston Jr.,2022-23,79,200.66,SF,LAC,22,11.3,6.5
Brandon Clarke,2022-23,80,203.2,PF,MEM,56,19.5,10
Brandon Ingram,2022-23,80,203.2,SF,NOP,45,34.2,24.7
Brook Lopez,2022-23,85,215.9,C,MIL,78,30.4,15.9
Bruce Brown,2022-23,76,193.04,SF,DEN,80,28.5,11.5
Bryce McGowens,2022-23,79,200.66,SG,CHO,46,17.1,5.3
Buddy Hield,2022-23,76,193.04,SF,IND,80,31,16.8
CJ McCollum,2022-23,75,190.5,PG,NOP,75,35.3,20.9
Caleb Martin,2022-23,77,195.58,SF,MIA,71,29.3,9.6
Cam Reddish,2022-23,80,203.2,SF,2TM,40,24.8,9.7
Cam Thomas,2022-23,76,193.04,SG,BRK,57,16.6,10.6
Cameron Johnson,2022-23,80,203.2,PF,2TM,42,28.5,15.5
Cameron Payne,2022-23,75,190.5,PG,PHO,48,20.2,10.3
Caris LeVert,2022-23,78,198.12,SG,CLE,74,30.2,12.1
Cedi Osman,2022-23,79,200.66,SF,CLE,77,20.1,8.7
Charles Bassey,2022-23,82,208.28,C,SAS,35,14.5,5.7
Chimezie Metu,2022-23,81,205.74,PF,SAC,66,10.4,4.9
Chris Boucher,2022-23,81,205.74,PF,TOR,76,20,9.4
Chris Duarte,2022-23,78,198.12,SF,IND,46,19.5,7.9
Chris Paul,2022-23,72,182.88,PG,PHO,59,32,13.9
Christian Braun,2022-23,78,198.12,SG,DEN,76,15.5,4.7
Christian Wood,2022-23,80,203.2,C,DAL,67,25.9,16.6
Chuma Okeke,2022-23,78,198.12,SF,ORL,27,19.2,4.7
Clint Capela,2022-23,82,208.28,C,ATL,65,26.6,12
Coby White,2022-23,77,195.58,SG,CHI,74,23.4,9.7
Cole Anthony,2022-23,74,187.96,PG,ORL,60,25.9,13
Collin Sexton,2022-23,75,190.5,PG,UTA,48,23.9,14.3
Corey Kispert,2022-23,79,200.66,SF,WAS,74,28.3,11.1
Cory Joseph,2022-23,74,187.96,PG,DET,62,19.8,6.9
D'Angelo Russell,2022-23,75,190.5,PG,2TM,71,32.5,17.8
Dalano Banton,2022-23,81,205.74,PG,TOR,31,9,4.6
Damian Lillard,2022-23,74,187.96,PG,POR,58,36.3,32.2
Damion Lee,2022-23,77,195.58,SG,PHO,74,20.4,8.2
Daniel Gafford,2022-23,82,208.28,C,WAS,78,20.6,9
Danuel House Jr.,2022-23,78,198.12,SF,PHI,56,14.4,4.8
Dario Å ariÄ,2022-23,,,C,2TM,57,14.1,6.4
Darius Bazley,2022-23,80,203.2,C,2TM,43,14.3,5.2
Darius Garland,2022-23,73,185.42,PG,CLE,69,35.5,21.6
David Roddy,2022-23,76,193.04,PF,MEM,70,18,6.7
Davion Mitchell,2022-23,74,187.96,PG,SAC,80,18.1,5.6
Day'Ron Sharpe,2022-23,83,210.82,C,BRK,48,11.5,4.7
De'Aaron Fox,2022-23,75,190.5,PG,SAC,73,33.4,25
De'Andre Hunter,2022-23,80,203.2,SF,ATL,67,31.7,15.4
De'Anthony Melton,2022-23,74,187.96,SG,PHI,77,27.9,10.1
DeAndre Jordan,2022-23,83,210.82,C,DEN,39,15,5.1
DeMar DeRozan,2022-23,78,198.12,SF,CHI,74,36.2,24.5
Dean Wade,2022-23,81,205.74,PF,CLE,44,20.3,4.7
Deandre Ayton,2022-23,84,213.36,C,PHO,67,30.4,18
Dejounte Murray,2022-23,77,195.58,SG,ATL,74,36.4,20.5
Delon Wright,2022-23,77,195.58,PG,WAS,50,24.4,7.4
Deni Avdija,2022-23,81,205.74,SF,WAS,76,26.6,9.2
Dennis SchrÃ¶der,2022-23,,,PG,LAL,66,30.1,12.6
Dennis Smith Jr.,2022-23,74,187.96,PG,CHO,54,25.7,8.8
Derrick Jones Jr.,2022-23,77,195.58,PF,CHI,64,14,5
Derrick Rose,2022-23,75,190.5,PG,NYK,27,12.5,5.6
Derrick White,2022-23,76,193.04,SG,BOS,82,28.3,12.4
Desmond Bane,2022-23,77,195.58,SG,MEM,58,31.7,21.5
Devin Booker,2022-23,78,198.12,SG,PHO,53,34.6,27.8
Devin Vassell,2022-23,77,195.58,SG,SAS,38,31,18.5
Devonte' Graham,2022-23,73,185.42,PG,2TM,73,18.3,7.4
Dewayne Dedmon,2022-23,84,213.36,C,2TM,38,11.2,5.2
Dillon Brooks,2022-23,78,198.12,SF,MEM,73,30.3,14.3
Domantas Sabonis,2022-23,82,208.28,C,SAC,79,34.6,19.1
Donovan Mitchell,2022-23,75,190.5,SG,CLE,68,35.8,28.3
Donte DiVincenzo,2022-23,76,193.04,SG,GSW,72,26.3,9.4
Dorian Finney-Smith,2022-23,79,200.66,PF,2TM,66,30.4,8.3
Doug McDermott,2022-23,78,198.12,SF,SAS,64,20.5,10.2
Draymond Green,2022-23,78,198.12,PF,GSW,73,31.5,8.5
Drew Eubanks,2022-23,81,205.74,C,POR,78,20.3,6.6
Duane Washington Jr.,2022-23,75,190.5,SG,PHO,31,12.7,7.9
Duncan Robinson,2022-23,79,200.66,SF,MIA,42,16.5,6.4
Dwight Powell,2022-23,82,208.28,C,DAL,76,19.2,6.7
DÄvis BertÄns,2022-23,,,PF,DAL,45,10.9,4.6
Edmond Sumner,2022-23,76,193.04,SG,BRK,53,13.9,7.1
Eric Gordon,2022-23,75,190.5,SG,2TM,69,28.5,12.4
Eugene Omoruyi,2022-23,79,200.66,SF,2TM,40,16.1,7
Evan Fournier,2022-23,78,198.12,SG,NYK,27,17,6.1
Evan Mobley,2022-23,83,210.82,PF,CLE,79,34.4,16.2
Franz Wagner,2022-23,82,208.28,SF,ORL,80,32.6,18.6
Fred VanVleet,2022-23,72,182.88,PG,TOR,69,36.7,19.3
Gabe Vincent,2022-23,75,190.5,PG,MIA,68,25.9,9.4
Garrison Mathews,2022-23,77,195.58,SG,2TM,54,12.7,4.8
Gary Harris,2022-23,76,193.04,SG,ORL,48,24.7,8.3
Gary Payton II,2022-23,74,187.96,SG,2TM,22,16.7,4.6
Gary Trent Jr.,2022-23,77,195.58,SG,TOR,66,32.1,17.4
George Hill,2022-23,76,193.04,SG,2TM,46,18.1,5
Georges Niang,2022-23,79,200.66,PF,PHI,78,19.4,8.2
Giannis Antetokounmpo,2022-23,83,210.82,PF,MIL,63,32.1,31.1
Goga Bitadze,2022-23,83,210.82,C,2TM,38,12,4.4
Goran DragiÄ,2022-23,,,PG,2TM,58,15,6.3
Gordon Hayward,2022-23,79,200.66,SF,CHO,50,31.5,14.7
Grant Williams,2022-23,78,198.12,PF,BOS,79,25.9,8.1
Grayson Allen,2022-23,76,193.04,SG,MIL,72,27.4,10.4
Hamidou Diallo,2022-23,77,195.58,SF,DET,56,17.8,9.3
Harrison Barnes,2022-23,80,203.2,PF,SAC,82,32.5,15
Haywood Highsmith,2022-23,79,200.66,PF,MIA,54,17.9,4.4
Herbert Jones,2022-23,80,203.2,PF,NOP,66,29.6,9.8
Immanuel Quickley,2022-23,75,190.5,SG,NYK,81,28.9,14.9
Isaac Okoro,2022-23,77,195.58,SF,CLE,76,21.7,6.4
Isaiah Hartenstein,2022-23,84,213.36,C,NYK,82,19.8,5
Isaiah Jackson,2022-23,82,208.28,C,IND,63,16.5,7.2
Isaiah Joe,2022-23,77,195.58,SG,OKC,73,19.1,9.5
Isaiah Livers,2022-23,79,200.66,PF,DET,52,23.1,6.7
Isaiah Stewart,2022-23,80,203.2,C,DET,50,28.3,11.3
Ivica Zubac,2022-23,84,213.36,C,LAC,76,28.6,10.8
Ja Morant,2022-23,74,187.96,PG,MEM,61,31.9,26.2
JaMychal Green,2022-23,80,203.2,PF,GSW,57,14,6.4
JaVale McGee,2022-23,84,213.36,C,DAL,42,8.5,4.4
Jabari Smith Jr.,2022-23,83,210.82,PF,HOU,79,31,12.8
Jaden Hardy,2022-23,76,193.04,SG,DAL,48,14.8,8.8
Jaden Ivey,2022-23,76,193.04,SG,DET,74,31.1,16.3
Jaden McDaniels,2022-23,81,205.74,SF,MIN,79,30.6,12.1
Jae'Sean Tate,2022-23,76,193.04,SF,HOU,31,21.8,9.1
Jakob Poeltl,2022-23,84,213.36,C,2TM,72,26.5,12.5
Jalen Brunson,2022-23,74,187.96,PG,NYK,68,35,24
Jalen Duren,2022-23,82,208.28,C,DET,67,24.9,9.1
Jalen Green,2022-23,76,193.04,SG,HOU,76,34.2,22.1
Jalen Johnson,2022-23,81,205.74,SF,ATL,70,14.9,5.6
Jalen McDaniels,2022-23,81,205.74,SF,2TM,80,23.9,9.4
Jalen Smith,2022-23,82,208.28,C,IND,68,18.8,9.4
Jalen Suggs,2022-23,77,195.58,SG,ORL,53,23.5,9.9
Jalen Williams,2022-23,78,198.12,SG,OKC,75,30.3,14.1
Jamal Murray,2022-23,76,193.04,PG,DEN,65,32.8,20
James Bouknight,2022-23,77,195.58,SG,CHO,34,15.1,5.6
James Harden,2022-23,77,195.58,PG,PHI,58,36.8,21
James Wiseman,2022-23,84,213.36,C,2TM,45,19.3,10
Jaren Jackson Jr.,2022-23,82,208.28,C,MEM,63,28.4,18.6
Jarred Vanderbilt,2022-23,80,203.2,PF,2TM,78,24.1,7.9
Jarrett Allen,2022-23,83,210.82,C,CLE,68,32.6,14.3
Javonte Green,2022-23,76,193.04,SF,CHI,32,15,5.2
Jaxson Hayes,2022-23,84,213.36,C,NOP,47,13,5
Jaylen Brown,2022-23,78,198.12,SF,BOS,67,35.9,26.6
Jaylen Nowell,2022-23,76,193.04,SG,MIN,65,19.3,10.8
Jaylin Williams,2022-23,80,203.2,C,OKC,49,18.7,5.9
Jayson Tatum,2022-23,80,203.2,SF,BOS,74,36.9,30.1
Jeff Green,2022-23,80,203.2,PF,DEN,56,19.5,7.8
Jerami Grant,2022-23,79,200.66,PF,POR,63,35.7,20.5
Jeremiah Robinson-Earl,2022-23,81,205.74,PF,OKC,43,18.9,6.8
Jeremy Sochan,2022-23,80,203.2,PF,SAS,56,26,11
Jevon Carter,2022-23,73,185.42,PG,MIL,81,22.3,8
Jimmy Butler,2022-23,79,200.66,PF,MIA,64,33.4,22.9
Jock Landale,2022-23,83,210.82,C,PHO,69,14.2,6.6
Joe Harris,2022-23,78,198.12,SF,BRK,74,20.6,7.6
Joe Ingles,2022-23,80,203.2,SF,MIL,46,22.7,6.9
Joel Embiid,2022-23,84,213.36,C,PHI,66,34.6,33.1
John Collins,2022-23,81,205.74,PF,ATL,71,30,13.1
John Konchar,2022-23,77,195.58,SF,MEM,72,20.8,5.1
John Wall,2022-23,75,190.5,PG,LAC,34,22.2,11.4
Johnny Davis,2022-23,74,187.96,SG,WAS,28,15.1,5.8
Johnny Davis,2022-23,77,195.58,SG,WAS,28,15.1,5.8
Jonas ValanÄiÅ«nas,2022-23,,,C,NOP,79,24.9,14.1
Jonathan Kuminga,2022-23,80,203.2,PF,GSW,67,20.8,9.9
Jordan Clarkson,2022-23,75,190.5,SG,UTA,61,32.6,20.8
Jordan Goodwin,2022-23,75,190.5,PG,WAS,62,17.8,6.6
Jordan Nwora,2022-23,80,203.2,SF,2TM,62,19.2,8.7
Jordan Poole,2022-23,76,193.04,PG,GSW,82,30,20.4
Jose Alvarado,2022-23,72,182.88,PG,NOP,61,21.5,9
Josh Christopher,2022-23,77,195.58,SG,HOU,64,12.3,5.8
Josh Giddey,2022-23,80,203.2,PF,OKC,76,31.1,16.6
Josh Green,2022-23,77,195.58,SG,DAL,60,25.7,9.1
Josh Hart,2022-23,76,193.04,SF,2TM,76,32.3,9.8
Josh Okogie,2022-23,76,193.04,SG,PHO,72,18.8,7.3
Josh Richardson,2022-23,77,195.58,SG,2TM,65,23.5,10.1
Jrue Holiday,2022-23,76,193.04,PG,MIL,67,32.6,19.3
Julius Randle,2022-23,81,205.74,PF,NYK,77,35.5,25.1
Justin Holiday,2022-23,78,198.12,SF,2TM,46,15.3,4.5
Justise Winslow,2022-23,78,198.12,PF,POR,29,26.8,6.8
Jusuf NurkiÄ,2022-23,,,C,POR,52,26.8,13.3
KJ Martin,2022-23,78,198.12,SF,HOU,82,28,12.7
Karl-Anthony Towns,2022-23,84,213.36,PF,MIN,29,33,20.8
Kawhi Leonard,2022-23,79,200.66,SF,LAC,52,33.6,23.8
Keegan Murray,2022-23,80,203.2,SF,SAC,80,29.8,12.2
Keita Bates-Diop,2022-23,80,203.2,PF,SAS,67,21.7,9.7
Keldon Johnson,2022-23,77,195.58,SF,SAS,63,32.7,22
Kelly Olynyk,2022-23,83,210.82,C,UTA,68,28.6,12.5
Kelly Oubre Jr.,2022-23,80,203.2,SF,CHO,48,32.3,20.3
Kendrick Nunn,2022-23,74,187.96,SG,2TM,70,13.8,7.1
Kenneth Lofton Jr.,2022-23,79,200.66,PF,MEM,24,7.3,5
Kenrich Williams,2022-23,79,200.66,PF,OKC,53,22.8,8
Kentavious Caldwell-Pope,2022-23,77,195.58,SG,DEN,76,31.3,10.8
Keon Johnson,2022-23,77,195.58,SG,POR,40,10.4,4.7
Kevin Durant,2022-23,83,210.82,PF,2TM,47,35.6,29.1
Kevin Huerter,2022-23,79,200.66,SG,SAC,75,29.4,15.2
Kevin Knox,2022-23,79,200.66,SF,2TM,63,15.1,6.6
Kevin Love,2022-23,80,203.2,PF,2TM,62,20,8.2
Kevin Porter Jr.,2022-23,76,193.04,PG,HOU,59,34.3,19.2
Kevon Looney,2022-23,81,205.74,C,GSW,82,23.9,7
Khris Middleton,2022-23,79,200.66,SF,MIL,33,24.3,15.1
Killian Hayes,2022-23,77,195.58,PG,DET,76,28.3,10.3
Kira Lewis Jr.,2022-23,73,185.42,PG,NOP,25,9.4,4.6
Klay Thompson,2022-23,77,195.58,SF,GSW,69,33,21.9
Kris Dunn,2022-23,75,190.5,PG,UTA,22,25.8,13.2
Kristaps PorziÅÄ£is,2022-23,,,C,WAS,65,32.6,23.2
Kyle Anderson,2022-23,81,205.74,PF,MIN,69,28.4,9.4
Kyle Kuzma,2022-23,81,205.74,PF,WAS,64,35,21.2
Kyle Lowry,2022-23,72,182.88,PG,MIA,55,31.2,11.2
Kyrie Irving,2022-23,74,187.96,SG,2TM,60,37.4,27.1
LaMelo Ball,2022-23,79,200.66,PG,CHO,36,35.2,23.3
Lamar Stevens,2022-23,78,198.12,SF,CLE,62,18.1,5.3
Landry Shamet,2022-23,76,193.04,SG,PHO,40,20.2,8.7
Larry Nance Jr.,2022-23,80,203.2,C,NOP,65,21.2,6.8
Lauri Markkanen,2022-23,84,213.36,PF,UTA,66,34.4,25.6
LeBron James,2022-23,81,205.74,PF,LAL,55,35.5,28.9
Lindy Waters III,2022-23,78,198.12,SG,OKC,41,13,5.2
Lonnie Walker IV,2022-23,76,193.04,SG,LAL,56,23.2,11.7
Luguentz Dort,2022-23,76,193.04,SF,OKC,74,30.7,13.7
Luka DonÄiÄ,2022-23,,,PG,DAL,66,36.2,32.4
Luka Garza,2022-23,82,208.28,C,MIN,28,8.7,6.5
Luke Kennard,2022-23,77,195.58,SG,2TM,59,22.3,9.3
Malachi Flynn,2022-23,73,185.42,PG,TOR,53,13,4.6
Malaki Branham,2022-23,76,193.04,SG,SAS,66,23.5,10.2
Malcolm Brogdon,2022-23,76,193.04,PG,BOS,67,26,14.9
Malik Beasley,2022-23,76,193.04,SG,2TM,81,25.8,12.7
Malik Monk,2022-23,75,190.5,SG,SAC,77,22.3,13.5
MarJon Beauchamp,2022-23,78,198.12,SF,MIL,52,13.5,5.1
Marcus Morris,2022-23,80,203.2,PF,LAC,65,28.1,11.2
Marcus Smart,2022-23,75,190.5,PG,BOS,61,32.1,11.5
Mark Williams,2022-23,84,213.36,C,CHO,43,19.3,9
Markelle Fultz,2022-23,76,193.04,PG,ORL,60,29.6,14
Marvin Bagley III,2022-23,82,208.28,C,DET,42,23.6,12
Mason Plumlee,2022-23,82,208.28,C,2TM,79,26,10.8
Max Strus,2022-23,77,195.58,SF,MIA,80,28.4,11.5
Maxi Kleber,2022-23,82,208.28,PF,DAL,37,25.1,5.9
Michael Porter Jr.,2022-23,82,208.28,SF,DEN,62,29,17.4
Mikal Bridges,2022-23,78,198.12,SG,2TM,83,35.7,20.1
Mike Conley,2022-23,72,182.88,PG,2TM,67,30.3,11.9
Mike Muscala,2022-23,82,208.28,C,2TM,63,15,6.1
Mitchell Robinson,2022-23,84,213.36,C,NYK,59,27,7.4
Mo Bamba,2022-23,84,213.36,C,2TM,49,15.7,6.6
Monte Morris,2022-23,74,187.96,PG,WAS,62,27.3,10.3
Montrezl Harrell,2022-23,79,200.66,C,PHI,57,11.9,5.6
Moritz Wagner,2022-23,83,210.82,C,ORL,57,19.5,10.5
Moses Moody,2022-23,77,195.58,SG,GSW,63,13,4.8
Myles Turner,2022-23,83,210.82,C,IND,62,29.4,18
Naji Marshall,2022-23,79,200.66,SF,NOP,77,23.3,9.1
Nassir Little,2022-23,77,195.58,SF,POR,54,18.1,6.6
Naz Reid,2022-23,81,205.74,C,MIN,68,18.4,11.5
Nic Claxton,2022-23,83,210.82,C,BRK,76,29.9,12.6
Nick Richards,2022-23,84,213.36,C,CHO,65,18.7,8.2
Nickeil Alexander-Walker,2022-23,77,195.58,SG,2TM,59,15,6.2
Nicolas Batum,2022-23,80,203.2,PF,LAC,78,21.9,6.1
Nikola JokiÄ,2022-23,,,C,DEN,69,33.7,24.5
Nikola VuÄeviÄ,2022-23,,,C,CHI,82,33.5,17.6
Norman Powell,2022-23,75,190.5,SG,LAC,60,26.1,17
OG Anunoby,2022-23,79,200.66,SF,TOR,67,35.6,16.8
Obi Toppin,2022-23,81,205.74,PF,NYK,67,15.7,7.4
Ochai Agbaji,2022-23,77,195.58,SG,UTA,59,20.5,7.9
Onyeka Okongwu,2022-23,80,203.2,C,ATL,80,23.1,9.9
Oshae Brissett,2022-23,79,200.66,PF,IND,65,16.7,6.1
Ousmane Dieng,2022-23,82,208.28,PF,OKC,39,14.6,4.9
P.J. Washington,2022-23,79,200.66,PF,CHO,73,32.6,15.7
Paolo Banchero,2022-23,82,208.28,PF,ORL,72,33.8,20
Pascal Siakam,2022-23,80,203.2,PF,TOR,71,37.4,24.2
Pat Connaughton,2022-23,77,195.58,SF,MIL,61,23.7,7.6
Patrick Beverley,2022-23,74,187.96,SG,2TM,67,27.1,6.2
Patrick Williams,2022-23,79,200.66,PF,CHI,82,28.3,10.2
Patty Mills,2022-23,74,187.96,PG,BRK,40,14.2,6.2
Paul George,2022-23,80,203.2,SF,LAC,56,34.6,23.8
Payton Pritchard,2022-23,73,185.42,PG,BOS,48,13.4,5.6
Precious Achiuwa,2022-23,80,203.2,C,TOR,55,20.7,9.2
Quentin Grimes,2022-23,77,195.58,SG,NYK,71,29.9,11.3
R.J. Hampton,2022-23,76,193.04,SG,2TM,47,16,6.4
RJ Barrett,2022-23,78,198.12,SG,NYK,73,33.9,19.6
Reggie Bullock,2022-23,78,198.12,SF,DAL,78,30.3,7.2
Reggie Jackson,2022-23,74,187.96,PG,2TM,68,24.4,10.2
Ricky Rubio,2022-23,74,187.96,PG,CLE,33,17.2,5.2
Robert Covington,2022-23,79,200.66,PF,LAC,48,16.2,6
Robert Williams,2022-23,81,205.74,C,BOS,35,23.5,8
Rodney McGruder,2022-23,76,193.04,SG,DET,32,16.4,5.7
Romeo Langford,2022-23,77,195.58,SG,SAS,43,19.6,6.9
Royce O'Neale,2022-23,76,193.04,SF,BRK,76,31.7,8.8
Rudy Gay,2022-23,80,203.2,PF,UTA,56,14.6,5.2
Rudy Gobert,2022-23,85,215.9,C,MIN,70,30.7,13.4
Rui Hachimura,2022-23,80,203.2,PF,2TM,63,23.3,11.2
Russell Westbrook,2022-23,76,193.04,PG,2TM,73,29.1,15.9
Saben Lee,2022-23,74,187.96,PG,2TM,25,14.9,6
Saddiq Bey,2022-23,79,200.66,SF,2TM,77,27.6,13.8
Sam Hauser,2022-23,80,203.2,SF,BOS,80,16.1,6.4
Sandro Mamukelashvili,2022-23,83,210.82,C,2TM,43,15.3,6.1
Santi Aldama,2022-23,83,210.82,PF,MEM,77,21.8,9
Scottie Barnes,2022-23,79,200.66,SF,TOR,77,34.8,15.3
Seth Curry,2022-23,73,185.42,SG,BRK,61,19.9,9.2
Shaedon Sharpe,2022-23,78,198.12,SG,POR,80,22.2,9.9
Shai Gilgeous-Alexander,2022-23,78,198.12,PG,OKC,68,35.5,31.4
Shake Milton,2022-23,77,195.58,SG,PHI,76,20.6,8.4
Simone Fontecchio,2022-23,80,203.2,SF,UTA,52,14.7,6.3
Spencer Dinwiddie,2022-23,77,195.58,SG,2TM,79,34.5,17.3
Stanley Johnson,2022-23,78,198.12,SF,SAS,30,15.6,5.8
Stephen Curry,2022-23,74,187.96,PG,GSW,56,34.7,29.4
Steven Adams,2022-23,83,210.82,C,MEM,42,27,8.6
Svi Mykhailiuk,2022-23,79,200.66,SF,2TM,32,14.6,6.9
T.J. McConnell,2022-23,73,185.42,PG,IND,75,20.3,8.7
T.J. Warren,2022-23,80,203.2,PF,2TM,42,16.4,7.5
Talen Horton-Tucker,2022-23,76,193.04,SG,UTA,65,20.2,10.7
Tari Eason,2022-23,80,203.2,PF,HOU,82,21.5,9.3
Taurean Prince,2022-23,78,198.12,PF,MIN,54,22.1,9.1
Terance Mann,2022-23,77,195.58,SG,LAC,81,23.1,8.8
Terence Davis,2022-23,76,193.04,SG,SAC,64,13.1,6.7
Terrence Ross,2022-23,78,198.12,SG,2TM,63,21.1,8.3
Terry Rozier,2022-23,73,185.42,SG,CHO,63,35.3,21.1
Thaddeus Young,2022-23,80,203.2,PF,TOR,54,14.7,4.4
Thomas Bryant,2022-23,82,208.28,C,2TM,59,18.3,9.8
ThÃ©o Maledon,2022-23,,,PG,CHO,44,19.4,6.7
Tim Hardaway Jr.,2022-23,77,195.58,SF,DAL,71,30.3,14.4
Tobias Harris,2022-23,80,203.2,SF,PHI,74,32.9,14.7
Torrey Craig,2022-23,79,200.66,PF,PHO,79,24.7,7.4
Trae Young,2022-23,73,185.42,PG,ATL,73,34.8,26.2
Tre Jones,2022-23,73,185.42,PG,SAS,68,29.2,12.9
Tre Mann,2022-23,75,190.5,PG,OKC,67,17.7,7.7
Trendon Watford,2022-23,81,205.74,PF,POR,62,19.1,7.4
Trey Lyles,2022-23,81,205.74,PF,SAC,74,16.9,7.6
Trey Murphy III,2022-23,80,203.2,SF,NOP,79,31,14.5
Troy Brown Jr.,2022-23,78,198.12,SF,LAL,76,24.5,7.1
Ty Jerome,2022-23,77,195.58,SG,GSW,45,18.1,6.9
TyTy Washington Jr.,2022-23,75,190.5,PG,HOU,31,14,4.7
Tyler Herro,2022-23,77,195.58,SG,MIA,67,34.9,20.1
Tyrese Haliburton,2022-23,77,195.58,PG,IND,56,33.6,20.7
Tyrese Maxey,2022-23,74,187.96,SG,PHI,60,33.6,20.3
Tyus Jones,2022-23,73,185.42,PG,MEM,80,24.3,10.3
Victor Oladipo,2022-23,75,190.5,SG,MIA,42,26.3,10.7
Vlatko ÄanÄar,2022-23,,,PF,DEN,60,14.8,5
Walker Kessler,2022-23,84,213.36,C,UTA,74,23,9.2
Wendell Carter Jr.,2022-23,82,208.28,C,ORL,57,29.6,15.2
Wenyen Gabriel,2022-23,81,205.74,C,LAL,68,15.1,5.5
Will Barton,2022-23,77,195.58,SG,2TM,56,17.7,6.8
Willy HernangÃ³mez,2022-23,,,C,NOP,38,12.1,6.9
Xavier Tillman Sr.,2022-23,80,203.2,C,MEM,61,19.3,7
Yuta Watanabe,2022-23,81,205.74,SF,BRK,58,16,5.6
Zach Collins,2022-23,83,210.82,C,SAS,63,22.9,11.6
Zach LaVine,2022-23,77,195.58,SG,CHI,77,35.9,24.8
Zeke Nnaji,2022-23,81,205.74,PF,DEN,53,13.7,5.2
Ziaire Williams,2022-23,81,205.74,SF,MEM,37,15.2,5.7
Zion Williamson,2022-23,78,198.12,PF,NOP,29,33,26
Aaron Gordon,2023-24,80,203.2,PF,DEN,75,31.7,15
Aaron Holiday,2023-24,72,182.88,PG,2TM,63,16.2,6.3
Aaron Wiggins,2023-24,78,198.12,SG,OKC,50,24.2,8.3
Al Horford,2023-24,81,205.74,C,BOS,69,29.1,10.2
Alec Burks,2023-24,78,198.12,SG,NYK,81,28.6,11.7
Aleksej Pokusevski,2023-24,84,213.36,PF,OKC,61,20.2,7.6
Alex Caruso,2023-24,77,195.58,SG,CHI,41,28,7.4
Alex Len,2023-24,84,213.36,C,SAC,39,15.9,6
Alperen ÅengÃ¼n,2023-24,,,C,HOU,72,20.7,9.6
Amir Coffey,2023-24,79,200.66,SG,LAC,69,22.7,9
Andre Drummond,2023-24,83,210.82,C,2TM,73,19.7,7.9
Andrew Wiggins,2023-24,79,200.66,SF,GSW,73,31.9,17.2
Anfernee Simons,2023-24,75,190.5,SG,POR,57,29.5,17.3
Anthony Davis,2023-24,82,208.28,C,LAL,40,35.1,23.2
Anthony Edwards,2023-24,76,193.04,SG,MIN,72,34.3,21.3
Armoni Brooks,2023-24,75,190.5,SG,2TM,54,15.6,5.3
Austin Reaves,2023-24,77,195.58,SG,LAL,61,23.2,7.3
Austin Rivers,2023-24,76,193.04,SG,DEN,67,22.1,6
Avery Bradley,2023-24,75,190.5,SG,LAL,62,22.7,6.4
Ayo Dosunmu,2023-24,77,195.58,SG,CHI,77,27.4,8.8
Bam Adebayo,2023-24,81,205.74,C,MIA,56,32.6,19.1
Ben McLemore,2023-24,75,190.5,SG,POR,64,20.1,10.2
Bismack Biyombo,2023-24,80,203.2,C,PHO,36,14.1,5.8
Blake Griffin,2023-24,81,205.74,C,BRK,56,17.1,6.4
Bobby Portis,2023-24,82,208.28,C,MIL,72,28.2,14.6
Bogdan BogdanoviÄ,2023-24,,,SG,ATL,63,29.3,15.1
Bojan BogdanoviÄ,2023-24,,,PF,UTA,69,30.9,18.1
Bones Hyland,2023-24,74,187.96,SG,DEN,69,19,10.1
Bradley Beal,2023-24,76,193.04,SG,WAS,40,36,23.2
Brandon Boston Jr.,2023-24,79,200.66,SG,LAC,51,14.9,6.7
Brandon Clarke,2023-24,80,203.2,PF,MEM,64,19.5,10.4
Brandon Ingram,2023-24,80,203.2,SF,NOP,55,34,22.7
Brandon Williams,2023-24,78,198.12,PG,POR,24,26.7,12.9
Brandon Williams,2023-24,73,185.42,PG,POR,24,26.7,12.9
Bruce Brown,2023-24,76,193.04,SF,BRK,72,24.6,9
Bryn Forbes,2023-24,74,187.96,SG,2TM,75,17.1,8.8
Buddy Hield,2023-24,76,193.04,SG,2TM,81,30.9,15.6
CJ Elleby,2023-24,78,198.12,SF,POR,58,20.2,5.8
CJ McCollum,2023-24,75,190.5,PG,2TM,62,34.6,22.1
Cade Cunningham,2023-24,78,198.12,SG,DET,64,32.6,17.4
Caleb Martin,2023-24,77,195.58,SF,MIA,60,22.9,9.2
Cam Reddish,2023-24,80,203.2,SF,2TM,49,20.7,10.1
Cam Thomas,2023-24,76,193.04,SG,BRK,67,17.6,8.5
Cameron Johnson,2023-24,80,203.2,PF,PHO,66,26.2,12.5
Cameron Payne,2023-24,75,190.5,PG,PHO,58,22,10.8
Caris LeVert,2023-24,78,198.12,SG,2TM,58,30.7,17
Carmelo Anthony,2023-24,79,200.66,PF,LAL,69,26,13.3
Cedi Osman,2023-24,79,200.66,SF,CLE,66,22.2,10.7
Chimezie Metu,2023-24,81,205.74,C,SAC,60,21.3,8.9
Chris Boucher,2023-24,81,205.74,SF,TOR,80,21.1,9.4
Chris Duarte,2023-24,78,198.12,SG,IND,55,28,13.1
Chris Paul,2023-24,72,182.88,PG,PHO,65,32.9,14.7
Christian Wood,2023-24,80,203.2,C,HOU,68,30.8,17.9
Chuma Okeke,2023-24,78,198.12,PF,ORL,70,25,8.6
Clint Capela,2023-24,82,208.28,C,ATL,74,27.6,11.1
Coby White,2023-24,77,195.58,PG,CHI,61,27.5,12.7
Cody Martin,2023-24,77,195.58,SF,CHO,71,26.3,7.7
Cody Zeller,2023-24,83,210.82,C,POR,27,13.1,5.2
Cole Anthony,2023-24,74,187.96,PG,ORL,65,31.7,16.3
Corey Kispert,2023-24,79,200.66,SF,WAS,77,23.4,8.2
Cory Joseph,2023-24,74,187.96,PG,DET,65,24.6,8
D'Angelo Russell,2023-24,75,190.5,PG,MIN,65,32,18.1
D.J. Augustin,2023-24,71,180.34,PG,2TM,55,16.1,5.3
Damian Jones,2023-24,83,210.82,C,SAC,56,18.2,8.1
Damian Lillard,2023-24,74,187.96,PG,POR,29,36.4,24
Damion Lee,2023-24,77,195.58,SG,GSW,63,19.9,7.4
Daniel Gafford,2023-24,82,208.28,C,WAS,72,20.1,9.4
Daniel Theis,2023-24,80,203.2,C,2TM,47,20.8,8.2
Danilo Gallinari,2023-24,82,208.28,PF,ATL,66,25.3,11.7
Danny Green,2023-24,78,198.12,SF,PHI,62,21.8,5.9
Danuel House Jr.,2023-24,78,198.12,SF,3TM,42,17.3,5.9
Darius Bazley,2023-24,80,203.2,PF,OKC,69,27.9,10.8
Darius Garland,2023-24,73,185.42,PG,CLE,68,35.7,21.7
David Nwaba,2023-24,77,195.58,SF,HOU,46,13.2,5.1
Davion Mitchell,2023-24,74,187.96,PG,SAC,75,27.7,11.5
Day'Ron Sharpe,2023-24,83,210.82,PF,BRK,32,12.2,6.2
De'Aaron Fox,2023-24,75,190.5,PG,SAC,59,35.3,23.2
De'Andre Hunter,2023-24,80,203.2,SF,ATL,53,29.8,13.4
De'Anthony Melton,2023-24,74,187.96,SG,MEM,73,22.7,10.8
DeAndre' Bembry,2023-24,77,195.58,SF,2TM,56,18.3,5.1
DeMar DeRozan,2023-24,78,198.12,PF,CHI,76,36.1,27.9
DeMarcus Cousins,2023-24,82,208.28,C,2TM,48,15,9
Dean Wade,2023-24,81,205.74,PF,CLE,51,19.2,5.3
Deandre Ayton,2023-24,84,213.36,C,PHO,58,29.5,17.2
Dejounte Murray,2023-24,77,195.58,PG,SAS,68,34.8,21.1
Deni Avdija,2023-24,81,205.74,SF,WAS,82,24.2,8.4
Dennis SchrÃ¶der,2023-24,,,PG,2TM,64,28.7,13.5
Dennis Smith Jr.,2023-24,74,187.96,PG,POR,37,17.2,5.6
Derrick Favors,2023-24,81,205.74,C,OKC,39,16.7,5.3
Derrick Jones Jr.,2023-24,77,195.58,PF,CHI,51,17.6,5.6
Derrick Rose,2023-24,75,190.5,PG,NYK,26,24.5,12
Derrick White,2023-24,76,193.04,SG,2TM,75,29.3,13.2
Desmond Bane,2023-24,77,195.58,SG,MEM,76,29.8,18.2
Devin Booker,2023-24,78,198.12,SG,PHO,68,34.5,26.8
Devin Vassell,2023-24,77,195.58,SF,SAS,71,27.3,12.3
Devonte' Graham,2023-24,73,185.42,PG,NOP,76,28.4,11.9
Dewayne Dedmon,2023-24,84,213.36,C,MIA,67,15.9,6.3
Dillon Brooks,2023-24,78,198.12,SF,MEM,32,27.7,18.4
Domantas Sabonis,2023-24,82,208.28,PF,2TM,62,34.5,18.9
Donovan Mitchell,2023-24,75,190.5,SG,UTA,67,33.8,25.9
Donte DiVincenzo,2023-24,76,193.04,SG,2TM,42,24,9
Dorian Finney-Smith,2023-24,79,200.66,PF,DAL,80,33.1,11
Doug McDermott,2023-24,78,198.12,PF,SAS,51,24,11.3
Draymond Green,2023-24,78,198.12,PF,GSW,46,28.9,7.5
Drew Eubanks,2023-24,81,205.74,C,2TM,71,17.5,7.7
Duane Washington Jr.,2023-24,75,190.5,PG,IND,48,20.2,9.9
Duncan Robinson,2023-24,79,200.66,SG,MIA,79,25.9,10.9
Dwight Howard,2023-24,82,208.28,C,LAL,60,16.2,6.2
Dwight Powell,2023-24,82,208.28,C,DAL,82,21.9,8.7
DÄvis BertÄns,2023-24,,,PF,2TM,56,14.4,5.6
Eric Bledsoe,2023-24,73,185.42,PG,LAC,54,25.2,9.9
Eric Gordon,2023-24,75,190.5,SG,HOU,57,29.3,13.4
Eric Paschall,2023-24,78,198.12,PF,UTA,58,12.7,5.8
Evan Fournier,2023-24,78,198.12,SG,NYK,80,29.5,14.1
Evan Mobley,2023-24,83,210.82,PF,CLE,69,33.8,15
Facundo Campazzo,2023-24,70,177.8,PG,DEN,65,18.2,5.1
Frank Jackson,2023-24,75,190.5,PG,DET,53,22,10.6
Franz Wagner,2023-24,82,208.28,SF,ORL,79,30.7,15.2
Fred VanVleet,2023-24,72,182.88,PG,TOR,65,37.9,20.3
Furkan Korkmaz,2023-24,79,200.66,SG,PHI,67,21.1,7.6
Gabe Vincent,2023-24,75,190.5,PG,MIA,68,23.4,8.7
Garrett Temple,2023-24,77,195.58,SG,NOP,59,18.6,5.2
Garrison Mathews,2023-24,77,195.58,SG,HOU,65,26.3,10
Gary Harris,2023-24,76,193.04,SG,ORL,61,28.4,11.1
Gary Payton II,2023-24,74,187.96,SG,GSW,71,17.6,7.1
Gary Trent Jr.,2023-24,77,195.58,SG,TOR,70,35,18.3
George Hill,2023-24,76,193.04,PG,MIL,54,23.2,6.2
Georges Niang,2023-24,79,200.66,PF,PHI,76,22.8,9.2
Giannis Antetokounmpo,2023-24,83,210.82,PF,MIL,67,32.9,29.9
Goga Bitadze,2023-24,83,210.82,C,IND,50,14.6,7
Goran DragiÄ,2023-24,,,PG,2TM,21,23.7,7.5
Gordon Hayward,2023-24,79,200.66,SF,CHO,49,31.9,15.9
Grant Williams,2023-24,78,198.12,PF,BOS,77,24.4,7.8
Grayson Allen,2023-24,76,193.04,SG,MIL,66,27.3,11.1
Hamidou Diallo,2023-24,77,195.58,SG,DET,58,21.9,11
Harrison Barnes,2023-24,80,203.2,PF,SAC,77,33.5,16.4
Hassan Whiteside,2023-24,84,213.36,C,UTA,65,17.9,8.2
Herbert Jones,2023-24,80,203.2,PF,NOP,78,29.9,9.5
Immanuel Quickley,2023-24,75,190.5,PG,NYK,78,23.1,11.3
Isaac Okoro,2023-24,77,195.58,SF,CLE,67,29.6,8.8
Isaiah Hartenstein,2023-24,84,213.36,C,LAC,68,17.9,8.3
Isaiah Jackson,2023-24,82,208.28,C,IND,36,15,8.3
Isaiah Roby,2023-24,80,203.2,PF,OKC,45,21.1,10.1
Isaiah Stewart,2023-24,80,203.2,C,DET,71,25.6,8.3
Isaiah Thomas,2023-24,69,175.26,PG,3TM,22,15.1,8.4
Ish Smith,2023-24,72,182.88,PG,2TM,65,17.3,6.3
Ivica Zubac,2023-24,84,213.36,C,LAC,76,24.4,10.3
Ja Morant,2023-24,74,187.96,PG,MEM,57,33.1,27.4
JaMychal Green,2023-24,80,203.2,PF,DEN,67,16.2,6.4
JaVale McGee,2023-24,84,213.36,C,PHO,74,15.8,9.2
Jaden McDaniels,2023-24,81,205.74,PF,MIN,70,25.8,9.2
Jae Crowder,2023-24,78,198.12,PF,PHO,67,28.1,9.4
Jae'Sean Tate,2023-24,76,193.04,PF,HOU,78,26.4,11.8
Jakob Poeltl,2023-24,84,213.36,C,SAS,68,29,13.5
Jalen Brunson,2023-24,74,187.96,SG,DAL,79,31.9,16.3
Jalen Green,2023-24,76,193.04,SG,HOU,67,31.9,17.3
Jalen McDaniels,2023-24,81,205.74,SF,CHO,55,16.3,6.2
Jalen Smith,2023-24,82,208.28,PF,2TM,51,18.1,9.2
Jalen Suggs,2023-24,77,195.58,PG,ORL,48,27.2,11.8
James Harden,2023-24,77,195.58,PG,2TM,65,37.2,22
James Johnson,2023-24,79,200.66,PF,BRK,62,19.2,5.5
Jaren Jackson Jr.,2023-24,82,208.28,PF,MEM,78,27.3,16.3
Jarred Vanderbilt,2023-24,80,203.2,PF,MIN,74,25.4,6.9
Jarrett Allen,2023-24,83,210.82,C,CLE,56,32.3,16.1
Javonte Green,2023-24,76,193.04,SF,CHI,65,23.4,7.2
Jaxson Hayes,2023-24,84,213.36,C,NOP,70,20,9.3
Jaylen Brown,2023-24,78,198.12,SF,BOS,66,33.6,23.6
Jaylen Nowell,2023-24,76,193.04,SG,MIN,62,15.7,8.5
Jayson Tatum,2023-24,80,203.2,SF,BOS,76,35.9,26.9
Jeff Green,2023-24,80,203.2,PF,DEN,75,24.7,10.3
Jerami Grant,2023-24,79,200.66,PF,DET,47,31.9,19.2
Jeremiah Robinson-Earl,2023-24,81,205.74,C,OKC,49,22.2,7.5
Jeremy Lamb,2023-24,77,195.58,SF,2TM,56,16.7,7.3
Jimmy Butler,2023-24,79,200.66,SF,MIA,57,33.9,21.4
Joe Ingles,2023-24,80,203.2,SF,UTA,45,24.9,7.2
Joel Embiid,2023-24,84,213.36,C,PHI,68,33.8,30.6
John Collins,2023-24,81,205.74,PF,ATL,54,30.8,16.2
Jonas ValanÄiÅ«nas,2023-24,,,C,NOP,74,30.3,17.8
Jonathan Kuminga,2023-24,80,203.2,SF,GSW,70,16.9,9.3
Jordan Clarkson,2023-24,75,190.5,SG,UTA,79,27.1,16
Jordan Nwora,2023-24,80,203.2,SF,MIL,62,19.1,7.9
Jordan Poole,2023-24,76,193.04,SG,GSW,76,30,18.5
Jose Alvarado,2023-24,72,182.88,PG,NOP,54,15.4,6.1
Josh Christopher,2023-24,77,195.58,SG,HOU,74,18,7.9
Josh Giddey,2023-24,80,203.2,SF,OKC,54,31.5,12.5
Josh Hart,2023-24,76,193.04,SG,2TM,54,33.2,14.9
Josh Jackson,2023-24,80,203.2,SF,2TM,51,16.3,6.4
Josh Richardson,2023-24,77,195.58,SG,2TM,65,24.6,10.2
Joshua Primo,2023-24,78,198.12,SF,SAS,50,19.3,5.8
Jrue Holiday,2023-24,76,193.04,PG,MIL,67,33,18.3
Julius Randle,2023-24,81,205.74,PF,NYK,72,35.3,20.1
Justin Holiday,2023-24,78,198.12,SF,2TM,74,27.8,10.1
Justise Winslow,2023-24,78,198.12,PF,2TM,48,16.1,5.7
Jusuf NurkiÄ,2023-24,,,C,POR,56,28.2,15
KJ Martin,2023-24,78,198.12,SF,HOU,79,21,8.8
Karl-Anthony Towns,2023-24,84,213.36,C,MIN,74,33.5,24.6
Keifer Sykes,2023-24,72,182.88,PG,IND,32,17.7,5.6
Keita Bates-Diop,2023-24,80,203.2,SF,SAS,59,16.2,5.7
Kelan Martin,2023-24,77,195.58,SF,2TM,30,15,5.7
Keldon Johnson,2023-24,77,195.58,SF,SAS,75,31.9,17
Kelly Olynyk,2023-24,83,210.82,C,DET,40,19.1,9.1
Kelly Oubre Jr.,2023-24,80,203.2,SF,CHO,76,26.3,15
Kemba Walker,2023-24,72,182.88,PG,NYK,37,25.6,11.6
Kenrich Williams,2023-24,79,200.66,SF,OKC,49,21.9,7.4
Kentavious Caldwell-Pope,2023-24,77,195.58,SG,WAS,77,30.2,13.2
Keon Johnson,2023-24,77,195.58,SG,2TM,37,18.8,7.2
Kessler Edwards,2023-24,80,203.2,SF,BRK,48,20.6,5.9
Kevin Durant,2023-24,83,210.82,PF,BRK,55,37.2,29.9
Kevin Huerter,2023-24,79,200.66,SF,ATL,74,29.6,12.1
Kevin Love,2023-24,80,203.2,C,CLE,74,22.5,13.6
Kevin Porter Jr.,2023-24,76,193.04,PG,HOU,61,31.3,15.6
Kevon Looney,2023-24,81,205.74,C,GSW,82,21.1,6
Khris Middleton,2023-24,79,200.66,SF,MIL,66,32.4,20.1
Killian Hayes,2023-24,77,195.58,PG,DET,66,25,6.9
Kira Lewis Jr.,2023-24,73,185.42,PG,NOP,24,14.2,5.9
Klay Thompson,2023-24,77,195.58,SG,GSW,32,29.4,20.4
Kristaps PorziÅÄ£is,2023-24,,,PF,2TM,51,29,20.2
Kyle Anderson,2023-24,81,205.74,PF,MEM,69,21.5,7.6
Kyle Kuzma,2023-24,81,205.74,PF,WAS,66,33.4,17.1
Kyle Lowry,2023-24,72,182.88,PG,MIA,63,33.9,13.4
Kyrie Irving,2023-24,74,187.96,PG,BRK,29,37.6,27.4
LaMarcus Aldridge,2023-24,83,210.82,C,BRK,47,22.3,12.9
LaMelo Ball,2023-24,79,200.66,PG,CHO,75,32.3,20.1
Lamar Stevens,2023-24,78,198.12,PF,CLE,63,16.1,6.1
Lance Stephenson,2023-24,78,198.12,SG,2TM,46,17.7,8.3
Landry Shamet,2023-24,76,193.04,SG,PHO,69,20.8,8.3
Larry Nance Jr.,2023-24,80,203.2,PF,2TM,46,22.6,7
Lauri Markkanen,2023-24,84,213.36,SF,CLE,61,30.8,14.8
LeBron James,2023-24,81,205.74,C,LAL,56,37.2,30.3
Lindy Waters III,2023-24,78,198.12,SG,OKC,25,18.6,8
Lonnie Walker IV,2023-24,76,193.04,SG,SAS,70,23,12.1
Lonzo Ball,2023-24,78,198.12,PG,CHI,35,34.6,13
Lou Williams,2023-24,74,187.96,PG,ATL,56,14.3,6.3
Luguentz Dort,2023-24,76,193.04,SG,OKC,51,32.6,17.2
Luka DonÄiÄ,2023-24,,,PG,DAL,65,35.4,28.4
Luka Garza,2023-24,82,208.28,C,DET,32,12.2,5.8
Luke Kennard,2023-24,77,195.58,SG,LAC,70,27.4,11.9
Malcolm Brogdon,2023-24,76,193.04,PG,IND,36,33.5,19.1
Malik Beasley,2023-24,76,193.04,SG,MIN,79,25,12.1
Malik Monk,2023-24,75,190.5,SG,LAL,76,28.1,13.8
Marcus Morris,2023-24,80,203.2,PF,LAC,54,29,15.4
Marcus Smart,2023-24,75,190.5,PG,BOS,71,32.3,12.1
Marvin Bagley III,2023-24,82,208.28,PF,2TM,48,24,11.3
Mason Plumlee,2023-24,82,208.28,C,CHO,73,24.6,6.5
Matisse Thybulle,2023-24,77,195.58,SG,PHI,66,25.5,5.7
Max Strus,2023-24,77,195.58,SF,MIA,68,23.3,10.6
Maxi Kleber,2023-24,82,208.28,PF,DAL,59,24.6,7
Mikal Bridges,2023-24,78,198.12,SF,PHO,82,34.8,14.2
Mike Conley,2023-24,72,182.88,PG,UTA,72,28.6,13.7
Mike Muscala,2023-24,82,208.28,C,OKC,43,13.8,8
Miles Bridges,2023-24,79,200.66,PF,CHO,80,35.5,20.2
Mitchell Robinson,2023-24,84,213.36,C,NYK,72,25.7,8.5
Mo Bamba,2023-24,84,213.36,C,ORL,71,25.7,10.6
Monte Morris,2023-24,74,187.96,PG,DEN,75,29.9,12.6
Montrezl Harrell,2023-24,79,200.66,C,2TM,71,23.1,13.1
Moritz Wagner,2023-24,83,210.82,C,ORL,63,15.2,9
Myles Turner,2023-24,83,210.82,C,IND,42,29.4,12.9
Naji Marshall,2023-24,79,200.66,SF,NOP,55,13.4,5.7
Nassir Little,2023-24,77,195.58,SF,POR,42,25.9,9.8
Naz Reid,2023-24,81,205.74,C,MIN,77,15.8,8.3
Nemanja Bjelica,2023-24,82,208.28,C,GSW,71,16.1,6.1
Nic Claxton,2023-24,83,210.82,C,BRK,47,20.7,8.7
Nickeil Alexander-Walker,2023-24,77,195.58,SG,2TM,65,22.6,10.6
Nicolas Batum,2023-24,80,203.2,PF,LAC,59,24.8,8.3
Nikola JokiÄ,2023-24,,,C,DEN,74,33.5,27.1
Nikola VuÄeviÄ,2023-24,,,C,CHI,73,33.1,17.6
Norman Powell,2023-24,75,190.5,SF,2TM,45,32.4,19
OG Anunoby,2023-24,79,200.66,SF,TOR,48,36,17.1
Obi Toppin,2023-24,81,205.74,PF,NYK,72,17.1,9
Olivier Sarr,2023-24,84,213.36,C,OKC,22,19.1,7
Omer Yurtseven,2023-24,84,213.36,C,MIA,56,12.6,5.3
Onyeka Okongwu,2023-24,80,203.2,C,ATL,48,20.7,8.2
Oshae Brissett,2023-24,79,200.66,SF,IND,67,23.3,9.1
Otto Porter Jr.,2023-24,80,203.2,PF,GSW,63,22.2,8.2
P.J. Tucker,2023-24,77,195.58,PF,MIA,71,27.9,7.6
P.J. Washington,2023-24,79,200.66,C,CHO,65,27.2,10.3
Pascal Siakam,2023-24,80,203.2,PF,TOR,68,37.9,22.8
Pat Connaughton,2023-24,77,195.58,SF,MIL,65,26,9.9
Patrick Beverley,2023-24,74,187.96,PG,MIN,58,25.4,9.2
Patty Mills,2023-24,74,187.96,SG,BRK,81,29,11.4
Paul George,2023-24,80,203.2,PF,LAC,31,34.7,24.3
Payton Pritchard,2023-24,73,185.42,PG,BOS,71,14.1,6.2
Precious Achiuwa,2023-24,80,203.2,C,TOR,73,23.6,9.1
Quentin Grimes,2023-24,77,195.58,SG,NYK,46,17.1,6
R.J. Hampton,2023-24,76,193.04,SG,ORL,64,21.9,7.6
RJ Barrett,2023-24,78,198.12,SF,NYK,70,34.5,20
Raul Neto,2023-24,73,185.42,PG,WAS,70,19.6,7.5
Reggie Bullock,2023-24,78,198.12,SF,DAL,68,28,8.6
Reggie Jackson,2023-24,74,187.96,SG,LAC,75,31.2,16.8
Richaun Holmes,2023-24,82,208.28,C,SAC,45,23.9,10.4
Ricky Rubio,2023-24,74,187.96,PG,CLE,34,28.5,13.1
Robert Covington,2023-24,79,200.66,PF,2TM,71,27.3,8.5
Robert Williams,2023-24,81,205.74,C,BOS,61,29.6,10
Robin Lopez,2023-24,85,215.9,C,ORL,36,17,7.1
Rodney McGruder,2023-24,76,193.04,SG,DET,51,14.8,5.4
Royce O'Neale,2023-24,76,193.04,SF,UTA,77,31.2,7.4
Rudy Gay,2023-24,80,203.2,PF,UTA,55,18.9,8.1
Rudy Gobert,2023-24,85,215.9,C,UTA,66,32.1,15.6
Rui Hachimura,2023-24,80,203.2,PF,WAS,42,22.5,11.3
Russell Westbrook,2023-24,76,193.04,PG,LAL,78,34.3,18.5
Saben Lee,2023-24,74,187.96,PG,DET,37,16.3,5.6
Saddiq Bey,2023-24,79,200.66,SF,DET,82,33,16.1
Scottie Barnes,2023-24,79,200.66,PF,TOR,74,35.4,15.3
Serge Ibaka,2023-24,83,210.82,C,2TM,54,16.2,6.8
Seth Curry,2023-24,73,185.42,SG,2TM,64,33.4,15
Shai Gilgeous-Alexander,2023-24,78,198.12,PG,OKC,56,34.7,24.5
Shake Milton,2023-24,77,195.58,SG,PHI,55,21.4,8.2
Spencer Dinwiddie,2023-24,77,195.58,PG,2TM,67,29.6,13.7
Stanley Johnson,2023-24,78,198.12,PF,LAL,48,22.8,6.7
Stephen Curry,2023-24,74,187.96,PG,GSW,64,34.5,25.5
Steven Adams,2023-24,83,210.82,C,MEM,76,26.3,6.9
T.J. McConnell,2023-24,73,185.42,PG,IND,27,24.1,8.5
Talen Horton-Tucker,2023-24,76,193.04,SG,LAL,60,25.2,10
Taurean Prince,2023-24,78,198.12,PF,MIN,69,17.1,7.3
Terance Mann,2023-24,77,195.58,SF,LAC,81,28.6,10.8
Terence Davis,2023-24,76,193.04,SG,SAC,30,17.9,10.4
Terrence Ross,2023-24,78,198.12,SG,ORL,63,23,10
Terry Rozier,2023-24,73,185.42,SG,CHO,73,33.7,19.3
Terry Taylor,2023-24,77,195.58,PF,IND,33,21.6,9.6
Thaddeus Young,2023-24,80,203.2,PF,2TM,52,16.3,6.2
Thomas Bryant,2023-24,82,208.28,C,WAS,27,16.3,7.4
ThÃ©o Maledon,2023-24,,,PG,OKC,51,17.8,7.1
Tim Hardaway Jr.,2023-24,77,195.58,SG,DAL,42,29.6,14.2
Tobias Harris,2023-24,80,203.2,PF,PHI,73,34.8,17.2
Torrey Craig,2023-24,79,200.66,SF,2TM,78,20.5,6.6
Trae Young,2023-24,73,185.42,PG,ATL,76,34.9,28.4
Tre Jones,2023-24,73,185.42,PG,SAS,69,16.6,6
Tre Mann,2023-24,75,190.5,PG,OKC,60,22.8,10.4
Trendon Watford,2023-24,81,205.74,SF,POR,48,18.1,7.6
Trey Burke,2023-24,72,182.88,PG,DAL,42,10.5,5.1
Trey Lyles,2023-24,81,205.74,PF,2TM,75,20.5,10.5
Trey Murphy III,2023-24,80,203.2,SF,NOP,62,13.9,5.4
Tristan Thompson,2023-24,81,205.74,C,3TM,57,15.7,6
Ty Jerome,2023-24,77,195.58,SG,OKC,48,16.7,7.1
Tyler Herro,2023-24,77,195.58,SG,MIA,66,32.6,20.7
Tyrese Haliburton,2023-24,77,195.58,PG,2TM,77,35,15.3
Tyrese Maxey,2023-24,74,187.96,PG,PHI,75,35.3,17.5
Tyus Jones,2023-24,73,185.42,PG,MEM,73,21.2,8.7
VÃ­t KrejÄÃ­,2023-24,,,SG,OKC,30,23,6.2
Wayne Ellington,2023-24,76,193.04,SG,LAL,43,18.8,6.7
Wendell Carter Jr.,2023-24,82,208.28,PF,ORL,62,29.9,15
Wenyen Gabriel,2023-24,81,205.74,PF,3TM,26,13.8,5.4
Wesley Matthews,2023-24,77,195.58,SG,MIL,49,20.4,5.1
Will Barton,2023-24,77,195.58,SG,DEN,71,32.1,14.7
Willy HernangÃ³mez,2023-24,,,C,NOP,50,16.8,9.1
Zach Collins,2023-24,83,210.82,C,SAS,28,17.9,7.8
Zach LaVine,2023-24,77,195.58,SG,CHI,67,34.7,24.4
Zeke Nnaji,2023-24,81,205.74,PF,DEN,41,17,6.6
Ziaire Williams,2023-24,81,205.74,SF,MEM,62,21.7,8.1
A.J. Green,2024-25,76,193.04,SG,MIL,78,29.1,10.4
Aaron Gordon,2024-25,80,203.2,PF,DEN,36,27.9,16.2
Aaron Holiday,2024-25,72,182.88,PG,HOU,57,13.7,5.5
Aaron Nesmith,2024-25,77,195.58,SF,IND,45,29.7,13.8
Aaron Wiggins,2024-25,78,198.12,SG,OKC,65,21.8,9.4
Ace Bailey,2024-25,,,SF,UTA,72,27.6,13.8
Ajay Mitchell,2024-25,77,195.58,SG,OKC,57,25.8,13.6
Al Horford,2024-25,81,205.74,C,GSW,45,21.5,8.3
Alex Caruso,2024-25,77,195.58,SG,OKC,56,18.2,6.2
Alex Sarr,2024-25,84,213.36,C,WAS,48,27.2,16.3
Alperen ÅengÃ¼n,2024-25,,,C,HOU,72,33.3,20.4
Amen Thompson,2024-25,79,200.66,PG,HOU,79,37.4,18.3
Andre Drummond,2024-25,83,210.82,C,PHI,63,19.5,6.4
Andrew Nembhard,2024-25,77,195.58,PG,IND,57,31.3,16.9
Andrew Wiggins,2024-25,79,200.66,SF,MIA,68,30.3,15.4
Anfernee Simons,2024-25,75,190.5,SG,2TM,55,24.9,14.3
Anthony Black,2024-25,79,200.66,PG,ORL,64,29.8,15
Anthony Davis,2024-25,82,208.28,PF,DAL,20,31.3,20.4
Anthony Edwards,2024-25,76,193.04,SG,MIN,61,35,28.8
Anthony Gill,2024-25,79,200.66,PF,WAS,55,17.3,5.8
Asa Newell,2024-25,,,PF,ATL,44,11.4,5.2
Ausar Thompson,2024-25,79,200.66,SF,DET,73,26,9.9
Austin Reaves,2024-25,77,195.58,SG,LAL,51,34.5,23.3
Ayo Dosunmu,2024-25,77,195.58,SG,2TM,69,27.3,14.8
Bam Adebayo,2024-25,81,205.74,C,MIA,73,32.4,20.1
Baylor Scheierman,2024-25,78,198.12,SG,BOS,77,18.6,5.5
Ben Saraf,2024-25,,,SG,BRK,44,20.8,7.5
Ben Sheppard,2024-25,78,198.12,SG,IND,65,21.4,7.1
Bennedict Mathurin,2024-25,78,198.12,SF,2TM,54,30,17.6
Bilal Coulibaly,2024-25,78,198.12,SG,WAS,56,26.2,11.7
Bobby Portis,2024-25,82,208.28,PF,MIL,67,24.2,13.7
Bogdan BogdanoviÄ,2024-25,,,SG,LAC,23,19.7,7.4
Bones Hyland,2024-25,74,187.96,PG,MIN,71,16.6,8.5
Branden Carlson,2024-25,84,213.36,C,OKC,42,11.6,5.8
Brandin Podziemski,2024-25,77,195.58,SG,GSW,82,28.5,13.8
Brandon Ingram,2024-25,80,203.2,SF,TOR,77,33.8,21.5
Brandon Miller,2024-25,81,205.74,SF,CHO,65,30.3,20.2
Brandon Williams,2024-25,78,198.12,PG,DAL,66,22.2,13
Brandon Williams,2024-25,73,185.42,PG,DAL,66,22.2,13
Brice Sensabaugh,2024-25,78,198.12,SF,UTA,75,23.5,14.9
Brook Lopez,2024-25,85,215.9,C,LAC,75,21.8,8.5
Bruce Brown,2024-25,76,193.04,SG,DEN,82,24.4,7.9
Bryce McGowens,2024-25,79,200.66,SG,NOP,42,21,8.1
Bub Carrington,2024-25,76,193.04,PG,WAS,82,27.7,10.7
Buddy Hield,2024-25,76,193.04,SG,2TM,51,16.1,7.6
CJ McCollum,2024-25,75,190.5,PG,2TM,76,29.8,18.7
Cade Cunningham,2024-25,78,198.12,PG,DET,64,33.9,23.9
Caleb Love,2024-25,,,SG,POR,49,20.7,10.4
Cam Spencer,2024-25,75,190.5,SG,MEM,72,23.8,11.1
Cam Thomas,2024-25,76,193.04,SG,2TM,42,21,13.5
Cam Whitmore,2024-25,79,200.66,SF,WAS,21,16.9,9.2
Cameron Johnson,2024-25,80,203.2,SF,DEN,54,30.5,12.2
Cameron Payne,2024-25,75,190.5,PG,PHI,22,17,7.4
Caris LeVert,2024-25,78,198.12,SG,DET,60,19.2,7.4
Cason Wallace,2024-25,76,193.04,SG,OKC,77,26.6,8.6
Cedric Coward,2024-25,,,SG,MEM,62,25.8,13.6
Chet Holmgren,2024-25,85,215.9,PF,OKC,69,28.9,17.1
Christian Braun,2024-25,78,198.12,SG,DEN,44,31.8,12
Coby White,2024-25,77,195.58,SG,2TM,50,25,17.4
Cody Williams,2024-25,79,200.66,SG,UTA,67,24.3,8.8
Cole Anthony,2024-25,74,187.96,PG,MIL,35,15.1,6.7
Collin Gillespie,2024-25,73,185.42,PG,PHO,80,28.5,12.7
Collin Murray-Boyles,2024-25,,,PF,TOR,57,21.9,8.5
Collin Sexton,2024-25,75,190.5,SG,2TM,68,23.7,15.4
Cooper Flagg,2024-25,,,SF,DAL,70,33.5,21
Corey Kispert,2024-25,79,200.66,SF,2TM,58,18.6,9.2
D'Angelo Russell,2024-25,75,190.5,PG,DAL,26,19,10.2
Daeqwon Plowden,2024-25,78,198.12,SG,SAC,32,26.4,10.8
Daniel Gafford,2024-25,82,208.28,C,DAL,55,21.7,9.5
Daniss Jenkins,2024-25,75,190.5,PG,DET,72,20.2,9.3
Danny Wolf,2024-25,,,PF,BRK,57,20.8,8.9
Darius Garland,2024-25,73,185.42,PG,2TM,45,29.9,18.8
Davion Mitchell,2024-25,74,187.96,PG,MIA,70,28.6,9.3
Day'Ron Sharpe,2024-25,83,210.82,C,BRK,62,18.7,8.7
De'Aaron Fox,2024-25,75,190.5,PG,SAS,72,31,18.6
De'Andre Hunter,2024-25,80,203.2,SF,2TM,45,26.1,13.7
De'Anthony Melton,2024-25,74,187.96,PG,GSW,49,23,12.3
DeMar DeRozan,2024-25,78,198.12,PF,SAC,77,31.2,18.4
Dean Wade,2024-25,81,205.74,PF,CLE,59,22.3,5.8
Deandre Ayton,2024-25,84,213.36,C,LAL,72,27.2,12.5
Deni Avdija,2024-25,81,205.74,SF,POR,66,33.3,24.2
Dennis SchrÃ¶der,2024-25,,,PG,2TM,70,24.2,10.8
Derik Queen,2024-25,,,C,NOP,81,25,11.7
Derrick Jones Jr.,2024-25,77,195.58,SF,LAC,50,27,10.1
Derrick White,2024-25,76,193.04,SG,BOS,77,34.1,16.5
Desmond Bane,2024-25,77,195.58,SG,ORL,82,33.6,20.1
Devin Booker,2024-25,78,198.12,SG,PHO,64,33.5,26.1
Devin Carter,2024-25,74,187.96,PG,SAC,38,18.4,8.9
Devin Vassell,2024-25,77,195.58,SG,SAS,67,30.5,13.9
Dillon Brooks,2024-25,78,198.12,SF,PHO,56,30.4,20.2
Dominick Barlow,2024-25,81,205.74,PF,PHI,71,23.8,7.7
Donovan Clingan,2024-25,86,218.44,C,POR,77,27.2,12.1
Donovan Mitchell,2024-25,75,190.5,SG,CLE,70,33.5,27.9
Donte DiVincenzo,2024-25,76,193.04,SG,MIN,82,30.4,12.2
Doug McDermott,2024-25,78,198.12,SF,SAC,29,15.1,5.7
Drake Powell,2024-25,,,SG,BRK,63,21,6.5
Draymond Green,2024-25,78,198.12,PF,GSW,68,27.5,8.4
Drew Eubanks,2024-25,81,205.74,C,SAC,42,13.1,5.2
Dru Smith,2024-25,75,190.5,SG,MIA,70,16.3,5.6
Duncan Robinson,2024-25,79,200.66,SG,DET,77,27.4,12.2
Dylan Cardwell,2024-25,,,C,SAC,44,20.6,5.4
Dylan Harper,2024-25,,,SG,SAS,69,22.6,11.8
Dyson Daniels,2024-25,80,203.2,SG,ATL,76,33.2,11.9
E.J. Liddell,2024-25,79,200.66,PF,BRK,26,13.4,5.7
Egor DÑmin,2024-25,,,PG,BRK,52,25.2,10.3
Elijah Harkless,2024-25,75,190.5,SG,UTA,26,21,6.8
Ethan Thompson,2024-25,,,SG,IND,32,20.4,7
Evan Mobley,2024-25,83,210.82,PF,CLE,65,31.9,18.2
Franz Wagner,2024-25,82,208.28,SF,ORL,34,30,20.6
GG Jackson II,2024-25,81,205.74,PF,MEM,55,21.4,12.5
Gary Payton II,2024-25,74,187.96,SG,GSW,73,15.6,7.5
Gary Trent Jr.,2024-25,77,195.58,SG,MIL,65,21.2,8.1
Giannis Antetokounmpo,2024-25,83,210.82,PF,MIL,36,28.9,27.6
Goga Bitadze,2024-25,83,210.82,C,ORL,64,15.2,5.9
Gradey Dick,2024-25,78,198.12,SG,TOR,76,14,6
Grant Williams,2024-25,78,198.12,PF,CHO,36,19.8,7
Grayson Allen,2024-25,76,193.04,SG,PHO,51,28.8,16.5
Guerschon Yabusele,2024-25,80,203.2,C,2TM,67,15,5.6
Gui Santos,2024-25,80,203.2,PF,GSW,68,20.5,9.2
Harrison Barnes,2024-25,80,203.2,PF,SAS,77,25.8,9.9
Herbert Jones,2024-25,80,203.2,SF,NOP,56,28.4,8.9
Immanuel Quickley,2024-25,75,190.5,PG,TOR,70,31.9,16.4
Isaac Okoro,2024-25,77,195.58,SG,CHI,63,26.9,9.3
Isaiah Collier,2024-25,75,190.5,PG,UTA,59,25.7,11.7
Isaiah Hartenstein,2024-25,84,213.36,C,OKC,47,24.2,9.2
Isaiah Jackson,2024-25,82,208.28,C,2TM,55,16.5,6.7
Isaiah Joe,2024-25,77,195.58,SG,OKC,71,21.2,11.1
Isaiah Stewart,2024-25,80,203.2,C,DET,58,22.7,10
Ivica Zubac,2024-25,84,213.36,C,2TM,48,30.1,14.1
Ja Morant,2024-25,74,187.96,PG,MEM,20,28.5,19.5
Ja'Kobe Walter,2024-25,77,195.58,SG,TOR,72,20.5,7.5
Jabari Smith Jr.,2024-25,83,210.82,PF,HOU,77,35.1,15.8
Jaden Hardy,2024-25,76,193.04,SG,2TM,57,15.8,9.2
Jaden Ivey,2024-25,76,193.04,SG,2TM,37,18.1,8.5
Jaden McDaniels,2024-25,81,205.74,PF,MIN,73,31.7,14.8
Jahmai Mashack,2024-25,,,SG,MEM,31,21.7,6.2
Jaime Jaquez Jr.,2024-25,78,198.12,SF,MIA,75,28.3,15.4
Jake LaRavia,2024-25,80,203.2,PF,LAL,82,25.1,8.2
Jakob Poeltl,2024-25,84,213.36,C,TOR,46,25,10.7
Jalen Brunson,2024-25,74,187.96,PG,NYK,74,35,26
Jalen Duren,2024-25,82,208.28,C,DET,70,28.2,19.5
Jalen Green,2024-25,76,193.04,SG,PHO,32,25.9,17.8
Jalen Johnson,2024-25,81,205.74,SF,ATL,72,35.2,22.5
Jalen Pickett,2024-25,76,193.04,SG,DEN,50,16.1,5.2
Jalen Smith,2024-25,82,208.28,C,CHI,53,20.7,10.2
Jalen Suggs,2024-25,77,195.58,PG,ORL,57,27.6,13.8
Jalen Williams,2024-25,78,198.12,SG,OKC,33,28.4,17.1
Jalen Wilson,2024-25,80,203.2,PF,BRK,54,15.9,6.4
Jamal Cain,2024-25,79,200.66,SF,ORL,40,12.2,5.4
Jamal Murray,2024-25,76,193.04,PG,DEN,75,35.4,25.4
Jamal Shead,2024-25,72,182.88,PG,TOR,82,22.6,6.6
Jamaree Bouyea,2024-25,74,187.96,PG,PHO,46,14,5.7
James Harden,2024-25,77,195.58,PG,2TM,70,34.8,23.6
Jamir Watkins,2024-25,,,SG,WAS,50,20.6,7.4
Jarace Walker,2024-25,80,203.2,PF,IND,76,25.7,11.6
Jared McCain,2024-25,74,187.96,SG,2TM,67,17.3,8.3
Jaren Jackson Jr.,2024-25,82,208.28,C,2TM,48,30.3,19.4
Jarrett Allen,2024-25,83,210.82,C,CLE,56,27.1,15.4
Javon Small,2024-25,,,PG,MEM,41,20.2,9.7
Javonte Green,2024-25,76,193.04,SG,DET,82,17.6,6.9
Jaxson Hayes,2024-25,84,213.36,C,LAL,66,18.3,7.5
Jay Huff,2024-25,85,215.9,C,IND,82,21,9.5
Jaylen Brown,2024-25,78,198.12,SF,BOS,71,34.4,28.7
Jaylen Wells,2024-25,79,200.66,SG,MEM,69,26.4,12.5
Jaylin Williams,2024-25,80,203.2,PF,OKC,65,19.6,7.2
Jaylon Tyson,2024-25,78,198.12,SG,CLE,66,26.9,13.2
Jerami Grant,2024-25,79,200.66,PF,POR,57,29.7,18.6
Jeremiah Fears,2024-25,,,PG,NOP,82,25.8,14.3
Jett Howard,2024-25,80,203.2,SF,ORL,55,12.6,5.5
Jevon Carter,2024-25,73,185.42,PG,2TM,53,16.4,6.4
Jimmy Butler,2024-25,79,200.66,SF,GSW,38,31.1,20
Jock Landale,2024-25,83,210.82,C,2TM,68,22.1,10.6
Joel Embiid,2024-25,84,213.36,C,PHI,38,31.6,26.9
John Collins,2024-25,81,205.74,PF,LAC,69,27.1,13.6
Jonas ValanÄiÅ«nas,2024-25,,,C,DEN,65,13.4,8.7
Jonathan Kuminga,2024-25,80,203.2,PF,2TM,36,23.1,12.2
Jordan Clarkson,2024-25,75,190.5,SG,NYK,72,17.8,8.6
Jordan Goodwin,2024-25,75,190.5,PG,PHO,70,22.5,8.7
Jordan Miller,2024-25,79,200.66,SF,LAC,60,22.1,10
Jordan Poole,2024-25,76,193.04,PG,NOP,39,23.9,13.4
Jordan Walsh,2024-25,79,200.66,PF,BOS,68,17.8,5.4
Jose Alvarado,2024-25,72,182.88,PG,2TM,69,19.9,7.4
Josh Giddey,2024-25,80,203.2,PG,CHI,54,32.1,17
Josh Hart,2024-25,76,193.04,SF,NYK,66,30.2,12
Josh Minott,2024-25,80,203.2,PF,2TM,49,17,7.4
Jrue Holiday,2024-25,76,193.04,PG,POR,53,29.4,16.3
Julian Champagnie,2024-25,80,203.2,SF,SAS,82,27.6,11.1
Julian Strawther,2024-25,79,200.66,SG,DEN,57,15.1,7.2
Julius Randle,2024-25,81,205.74,PF,MIN,79,33,21.1
Justin Champagnie,2024-25,78,198.12,SF,WAS,69,20,8.7
Justin Edwards,2024-25,78,198.12,SF,PHI,64,15.3,6
Jusuf NurkiÄ,2024-25,,,C,UTA,41,26.4,10.9
Karl-Anthony Towns,2024-25,84,213.36,C,NYK,75,31,20.1
Karlo MatkoviÄ,2024-25,,,PF,NOP,62,14.7,5.7
Kasparas JakuÄionis,2024-25,,,PG,MIA,53,17.8,6.2
Kawhi Leonard,2024-25,79,200.66,SF,LAC,65,32.1,27.9
Keegan Murray,2024-25,80,203.2,PF,SAC,23,34.5,14
Kel'el Ware,2024-25,84,213.36,C,MIA,77,22.1,11.1
Keldon Johnson,2024-25,77,195.58,SF,SAS,82,23.3,13.2
Kelly Oubre Jr.,2024-25,80,203.2,SF,PHI,50,31.5,14.1
Kenrich Williams,2024-25,79,200.66,PF,OKC,56,15.3,6.5
Kentavious Caldwell-Pope,2024-25,77,195.58,SG,MEM,51,21.3,8.4
Keon Ellis,2024-25,78,198.12,SG,2TM,72,20.5,6.7
Kevin Durant,2024-25,83,210.82,SF,HOU,78,36.4,26
Kevin Huerter,2024-25,79,200.66,SF,2TM,69,22.4,10
Kevin Love,2024-25,80,203.2,PF,UTA,37,16.6,6.7
Kevin Porter Jr.,2024-25,76,193.04,PG,MIL,38,33.2,17.4
Keyonte George,2024-25,76,193.04,PG,UTA,54,33.1,23.6
Khris Middleton,2024-25,79,200.66,SF,2TM,63,22.8,10.2
Killian Hayes,2024-25,77,195.58,PG,SAC,23,17.7,5.5
Klay Thompson,2024-25,77,195.58,SF,DAL,69,21.7,11.7
Kobe Brown,2024-25,79,200.66,PF,2TM,61,15.8,5.8
Kobe Sanders,2024-25,,,SG,LAC,68,19.9,7.3
Kon Knueppel,2024-25,,,SF,CHO,81,31.5,18.5
Kris Dunn,2024-25,75,190.5,PG,LAC,82,27.2,7.3
Kris Murray,2024-25,80,203.2,SF,POR,57,23.4,5.8
Kristaps PorziÅÄ£is,2024-25,,,C,2TM,32,24,16.7
Kyle Anderson,2024-25,81,205.74,SF,3TM,43,19.8,6.2
Kyle Filipowski,2024-25,83,210.82,C,UTA,77,23.4,11.4
Kyle Kuzma,2024-25,81,205.74,PF,MIL,69,26.2,13
Kyshawn George,2024-25,79,200.66,SF,WAS,48,29,14.8
LaMelo Ball,2024-25,79,200.66,PG,CHO,72,28,20.1
Landry Shamet,2024-25,76,193.04,SG,NYK,51,23,9.3
Lauri Markkanen,2024-25,84,213.36,PF,UTA,42,34.4,26.7
LeBron James,2024-25,81,205.74,SF,LAL,60,33.2,20.9
Leonard Miller,2024-25,82,208.28,SF,2TM,46,15.6,7.8
Luguentz Dort,2024-25,76,193.04,SF,OKC,69,26.8,8.3
Luka DonÄiÄ,2024-25,,,PG,LAL,64,35.8,33.5
Luka Garza,2024-25,82,208.28,C,BOS,69,16.2,8.1
Luke Kennard,2024-25,77,195.58,SG,2TM,78,21.6,8.4
Luke Kornet,2024-25,86,218.44,C,SAS,68,21,6.5
Malik Monk,2024-25,75,190.5,SG,SAC,62,22,12.5
Marcus Sasser,2024-25,74,187.96,PG,DET,38,12,5.2
Marcus Smart,2024-25,75,190.5,SG,LAL,62,28.5,9.3
Mark Williams,2024-25,84,213.36,C,PHO,60,23.6,11.7
Marvin Bagley III,2024-25,82,208.28,PF,2TM,60,20,10.5
Matas Buzelis,2024-25,82,208.28,PF,CHI,77,29.2,16.3
Matisse Thybulle,2024-25,77,195.58,SG,POR,30,16,5.8
Max Christie,2024-25,78,198.12,SG,DAL,77,29.1,12.3
Maxime Raynaud,2024-25,,,C,SAC,74,26.5,12.5
Micah Potter,2024-25,82,208.28,C,IND,47,19.3,9.7
Michael Porter Jr.,2024-25,82,208.28,SF,BRK,52,32.5,24.2
Mikal Bridges,2024-25,78,198.12,SF,NYK,82,32.8,14.4
Miles Bridges,2024-25,79,200.66,PF,CHO,77,31,17.1
Miles McBride,2024-25,74,187.96,SG,NYK,41,26.3,12
Mitchell Robinson,2024-25,84,213.36,C,NYK,60,19.6,5.7
Moritz Wagner,2024-25,83,210.82,C,ORL,36,11.9,6.9
Moses Moody,2024-25,77,195.58,SG,GSW,60,25.7,12.1
Moussa DiabatÃ©,2024-25,,,C,CHO,73,26,7.9
Myles Turner,2024-25,83,210.82,C,MIL,71,26.9,11.9
Nae'Qwan Tomlin,2024-25,82,208.28,PF,CLE,64,15.7,5.8
Naji Marshall,2024-25,79,200.66,SF,DAL,74,29.5,15.2
Naz Reid,2024-25,81,205.74,C,MIN,77,26.1,13.6
Neemias Queta,2024-25,84,213.36,C,BOS,76,25.3,10.2
Nic Claxton,2024-25,83,210.82,C,BRK,69,27.8,11.7
Nick Richards,2024-25,84,213.36,C,2TM,48,14.6,5.8
Nick Smith Jr.,2024-25,74,187.96,SG,LAL,30,12.5,6.2
Nickeil Alexander-Walker,2024-25,77,195.58,SG,ATL,78,33.4,20.8
Nikola JokiÄ,2024-25,,,C,DEN,65,34.8,27.7
Nikola JoviÄ,2024-25,,,PF,MIA,47,17.2,7.3
Nikola VuÄeviÄ,2024-25,,,C,2TM,64,28.4,15.1
Nique Clifford,2024-25,,,SG,SAC,75,25.1,8.6
Noah Clowney,2024-25,82,208.28,PF,BRK,66,27,12.3
Nolan TraorÃ©,2024-25,,,PG,BRK,56,22.2,8.9
Norman Powell,2024-25,75,190.5,SG,MIA,58,29.6,21.7
OG Anunoby,2024-25,79,200.66,PF,NYK,67,33.2,16.7
Obi Toppin,2024-25,81,205.74,PF,IND,24,17.7,11.6
Olivier-Maxence Prosper,2024-25,80,203.2,PF,MEM,53,18.6,10
Onyeka Okongwu,2024-25,80,203.2,C,ATL,74,31,15.2
Oscar Tshiebwe,2024-25,81,205.74,C,UTA,27,16.6,7.8
Oso Ighodaro,2024-25,82,208.28,PF,PHO,82,22,6.5
Ousmane Dieng,2024-25,82,208.28,C,2TM,57,19.3,7.6
P.J. Washington,2024-25,79,200.66,PF,DAL,56,31,14.2
Paolo Banchero,2024-25,82,208.28,PF,ORL,72,34.8,22.2
Pascal Siakam,2024-25,80,203.2,PF,IND,62,33.2,24
Pat Spencer,2024-25,75,190.5,PG,GSW,66,18.6,7.2
Patrick Williams,2024-25,79,200.66,PF,CHI,72,20.5,7
Paul George,2024-25,80,203.2,PF,PHI,37,30.7,17.3
Paul Reed,2024-25,81,205.74,C,DET,65,13.9,7.8
Payton Pritchard,2024-25,73,185.42,PG,BOS,79,32.4,17
Pelle Larsson,2024-25,77,195.58,SG,MIA,70,26.4,11.4
Pete Nance,2024-25,83,210.82,PF,MIL,47,15.7,5.4
Peyton Watson,2024-25,80,203.2,SF,DEN,54,29.6,14.6
Precious Achiuwa,2024-25,80,203.2,C,SAC,73,23.9,10.1
Quentin Grimes,2024-25,77,195.58,SG,PHI,75,29.4,13.4
Quenton Jackson,2024-25,77,195.58,PG,IND,49,18.3,9.1
Quinten Post,2024-25,84,213.36,PF,GSW,67,17.3,7.7
RJ Barrett,2024-25,78,198.12,SF,TOR,57,30.3,19.3
Rayan Rupert,2024-25,78,198.12,SG,2TM,64,16.8,5.2
Reed Sheppard,2024-25,74,187.96,SG,HOU,82,26.2,13.5
Rob Dillingham,2024-25,73,185.42,PG,2TM,65,14.9,6.3
Robert Williams,2024-25,81,205.74,C,POR,59,17.1,6.7
Ron Holland,2024-25,80,203.2,SF,DET,78,19.9,8.2
Royce O'Neale,2024-25,76,193.04,SF,PHO,78,28.4,9.8
Rudy Gobert,2024-25,85,215.9,C,MIN,76,31.3,10.9
Rui Hachimura,2024-25,80,203.2,PF,LAL,68,28.3,11.5
Russell Westbrook,2024-25,76,193.04,SF,SAC,64,29,15.2
Ryan Dunn,2024-25,78,198.12,SF,PHO,70,19.4,5.8
Ryan Kalkbrenner,2024-25,,,C,CHO,69,21.4,7.6
Ryan Nembhard,2024-25,,,PG,DAL,60,19.5,6.6
Ryan Rollins,2024-25,76,193.04,PG,MIL,74,32.1,17.3
Saddiq Bey,2024-25,79,200.66,SF,NOP,72,31.2,17.7
Sam Hauser,2024-25,80,203.2,PF,BOS,78,24.8,9.2
Sam Merrill,2024-25,76,193.04,SG,CLE,52,26.5,12.8
Sandro Mamukelashvili,2024-25,83,210.82,C,TOR,80,21.9,11.2
Santi Aldama,2024-25,83,210.82,PF,MEM,43,27.9,14
Scoot Henderson,2024-25,75,190.5,PG,POR,30,24.9,14.2
Scottie Barnes,2024-25,79,200.66,PF,TOR,80,33.5,18.1
Shaedon Sharpe,2024-25,78,198.12,SG,POR,50,29.4,20.8
Shai Gilgeous-Alexander,2024-25,78,198.12,PG,OKC,68,33.2,31.1
Sharife Cooper,2024-25,73,185.42,PG,WAS,41,17.1,8.1
Simone Fontecchio,2024-25,80,203.2,SF,MIA,70,16.8,8.5
Sion James,2024-25,,,SG,CHO,82,22.5,5.4
Spencer Jones,2024-25,79,200.66,SF,DEN,64,22.1,5.5
Stephen Curry,2024-25,74,187.96,PG,GSW,43,30.9,26.6
Stephon Castle,2024-25,78,198.12,PG,SAS,68,30,16.7
Steven Adams,2024-25,83,210.82,C,HOU,32,22.8,5.8
Svi Mykhailiuk,2024-25,79,200.66,SF,UTA,50,23.1,9.4
T.J. McConnell,2024-25,73,185.42,PG,IND,56,17.2,9.4
Tari Eason,2024-25,80,203.2,PF,HOU,60,25.8,10.5
Taurean Prince,2024-25,78,198.12,SF,MIL,26,23.5,9.2
Taylor Hendricks,2024-25,81,205.74,PF,2TM,59,18.9,7.4
Terance Mann,2024-25,77,195.58,SG,BRK,63,24.3,7.2
Terrence Shannon Jr.,2024-25,,,SG,MIN,43,12.5,5.6
Thomas Bryant,2024-25,82,208.28,C,CLE,60,12.2,6.2
Tidjane SalaÃ¼n,2024-25,,,PF,CHO,37,15.5,6
Tim Hardaway Jr.,2024-25,77,195.58,SG,DEN,80,26.6,13.5
Tobias Harris,2024-25,80,203.2,PF,DET,63,27.7,13.3
Toumani Camara,2024-25,80,203.2,PF,POR,82,33.3,13.4
Tre Johnson,2024-25,,,SG,WAS,60,24.1,12.2
Tre Jones,2024-25,73,185.42,PG,CHI,65,27,14.1
Tre Mann,2024-25,75,190.5,PG,CHO,53,12.6,5.5
Trendon Watford,2024-25,81,205.74,PF,PHI,53,16.3,6.5
Trey Murphy III,2024-25,80,203.2,SF,NOP,66,35.5,21.5
Tristan Da Silva,2024-25,80,203.2,SF,ORL,77,24.7,9.9
Tristan Vukcevic,2024-25,82,208.28,C,WAS,49,13.7,9
Tyler Herro,2024-25,77,195.58,SG,MIA,33,31.3,20.5
Tyrese Martin,2024-25,78,198.12,SG,2TM,46,16.9,6.3
Tyrese Maxey,2024-25,74,187.96,PG,PHI,70,38,28.3
Tyrese Proctor,2024-25,,,PG,CLE,50,10.9,5.4
Tyson Etienne,2024-25,74,187.96,PG,BRK,24,15.8,7.9
VJ Edgecombe,2024-25,,,SG,PHI,75,35,16
Victor Wembanyama,2024-25,87,220.98,C,SAS,64,29.2,25
Vince Williams Jr.,2024-25,76,193.04,SG,2TM,40,20.5,7.5
VÃ­t KrejÄÃ­,2024-25,,,PG,2TM,65,21.4,8.5
Walter Clayton,2024-25,,,PG,2TM,69,20.4,7.8
Wendell Carter Jr.,2024-25,82,208.28,C,ORL,78,29.3,11.8
Will Richard,2024-25,,,SG,GSW,69,20,6.4
Will Riley,2024-25,,,SF,WAS,74,22.1,10.3
Yves Missi,2024-25,83,210.82,C,NOP,66,19.7,5.7
Zaccharie Risacher,2024-25,80,203.2,SF,ATL,67,22.4,9.6
Zach LaVine,2024-25,77,195.58,SG,SAC,39,31.4,19.2
Ziaire Williams,2024-25,81,205.74,SF,BRK,56,22.9,10.2
Zion Williamson,2024-25,78,198.12,PF,NOP,62,29.7,21
